-- phpMyAdmin SQL Dump
-- version 4.8.2
-- https://www.phpmyadmin.net/
--
-- Host: 127.0.0.1
-- Generation Time: Oct 10, 2019 at 01:36 AM
-- Server version: 10.1.34-MariaDB
-- PHP Version: 7.2.7

SET SQL_MODE = "NO_AUTO_VALUE_ON_ZERO";
SET AUTOCOMMIT = 0;
START TRANSACTION;
SET time_zone = "+00:00";


/*!40101 SET @OLD_CHARACTER_SET_CLIENT=@@CHARACTER_SET_CLIENT */;
/*!40101 SET @OLD_CHARACTER_SET_RESULTS=@@CHARACTER_SET_RESULTS */;
/*!40101 SET @OLD_COLLATION_CONNECTION=@@COLLATION_CONNECTION */;
/*!40101 SET NAMES utf8mb4 */;

--
-- Database: `phpmyadmin`
--
DROP DATABASE IF EXISTS `phpmyadmin`;
CREATE DATABASE IF NOT EXISTS `phpmyadmin` DEFAULT CHARACTER SET utf8 COLLATE utf8_bin;
USE `phpmyadmin`;

-- --------------------------------------------------------

--
-- Table structure for table `pma__bookmark`
--

DROP TABLE IF EXISTS `pma__bookmark`;
CREATE TABLE IF NOT EXISTS `pma__bookmark` (
  `id` int(11) NOT NULL AUTO_INCREMENT,
  `dbase` varchar(255) COLLATE utf8_bin NOT NULL DEFAULT '',
  `user` varchar(255) COLLATE utf8_bin NOT NULL DEFAULT '',
  `label` varchar(255) CHARACTER SET utf8 NOT NULL DEFAULT '',
  `query` text COLLATE utf8_bin NOT NULL,
  PRIMARY KEY (`id`)
) ENGINE=InnoDB DEFAULT CHARSET=utf8 COLLATE=utf8_bin COMMENT='Bookmarks';

-- --------------------------------------------------------

--
-- Table structure for table `pma__central_columns`
--

DROP TABLE IF EXISTS `pma__central_columns`;
CREATE TABLE IF NOT EXISTS `pma__central_columns` (
  `db_name` varchar(64) COLLATE utf8_bin NOT NULL,
  `col_name` varchar(64) COLLATE utf8_bin NOT NULL,
  `col_type` varchar(64) COLLATE utf8_bin NOT NULL,
  `col_length` text COLLATE utf8_bin,
  `col_collation` varchar(64) COLLATE utf8_bin NOT NULL,
  `col_isNull` tinyint(1) NOT NULL,
  `col_extra` varchar(255) COLLATE utf8_bin DEFAULT '',
  `col_default` text COLLATE utf8_bin,
  PRIMARY KEY (`db_name`,`col_name`)
) ENGINE=InnoDB DEFAULT CHARSET=utf8 COLLATE=utf8_bin COMMENT='Central list of columns';

-- --------------------------------------------------------

--
-- Table structure for table `pma__column_info`
--

DROP TABLE IF EXISTS `pma__column_info`;
CREATE TABLE IF NOT EXISTS `pma__column_info` (
  `id` int(5) UNSIGNED NOT NULL AUTO_INCREMENT,
  `db_name` varchar(64) COLLATE utf8_bin NOT NULL DEFAULT '',
  `table_name` varchar(64) COLLATE utf8_bin NOT NULL DEFAULT '',
  `column_name` varchar(64) COLLATE utf8_bin NOT NULL DEFAULT '',
  `comment` varchar(255) CHARACTER SET utf8 NOT NULL DEFAULT '',
  `mimetype` varchar(255) CHARACTER SET utf8 NOT NULL DEFAULT '',
  `transformation` varchar(255) COLLATE utf8_bin NOT NULL DEFAULT '',
  `transformation_options` varchar(255) COLLATE utf8_bin NOT NULL DEFAULT '',
  `input_transformation` varchar(255) COLLATE utf8_bin NOT NULL DEFAULT '',
  `input_transformation_options` varchar(255) COLLATE utf8_bin NOT NULL DEFAULT '',
  PRIMARY KEY (`id`),
  UNIQUE KEY `db_name` (`db_name`,`table_name`,`column_name`)
) ENGINE=InnoDB DEFAULT CHARSET=utf8 COLLATE=utf8_bin COMMENT='Column information for phpMyAdmin';

-- --------------------------------------------------------

--
-- Table structure for table `pma__designer_settings`
--

DROP TABLE IF EXISTS `pma__designer_settings`;
CREATE TABLE IF NOT EXISTS `pma__designer_settings` (
  `username` varchar(64) COLLATE utf8_bin NOT NULL,
  `settings_data` text COLLATE utf8_bin NOT NULL,
  PRIMARY KEY (`username`)
) ENGINE=InnoDB DEFAULT CHARSET=utf8 COLLATE=utf8_bin COMMENT='Settings related to Designer';

-- --------------------------------------------------------

--
-- Table structure for table `pma__export_templates`
--

DROP TABLE IF EXISTS `pma__export_templates`;
CREATE TABLE IF NOT EXISTS `pma__export_templates` (
  `id` int(5) UNSIGNED NOT NULL AUTO_INCREMENT,
  `username` varchar(64) COLLATE utf8_bin NOT NULL,
  `export_type` varchar(10) COLLATE utf8_bin NOT NULL,
  `template_name` varchar(64) COLLATE utf8_bin NOT NULL,
  `template_data` text COLLATE utf8_bin NOT NULL,
  PRIMARY KEY (`id`),
  UNIQUE KEY `u_user_type_template` (`username`,`export_type`,`template_name`)
) ENGINE=InnoDB DEFAULT CHARSET=utf8 COLLATE=utf8_bin COMMENT='Saved export templates';

-- --------------------------------------------------------

--
-- Table structure for table `pma__favorite`
--

DROP TABLE IF EXISTS `pma__favorite`;
CREATE TABLE IF NOT EXISTS `pma__favorite` (
  `username` varchar(64) COLLATE utf8_bin NOT NULL,
  `tables` text COLLATE utf8_bin NOT NULL,
  PRIMARY KEY (`username`)
) ENGINE=InnoDB DEFAULT CHARSET=utf8 COLLATE=utf8_bin COMMENT='Favorite tables';

-- --------------------------------------------------------

--
-- Table structure for table `pma__history`
--

DROP TABLE IF EXISTS `pma__history`;
CREATE TABLE IF NOT EXISTS `pma__history` (
  `id` bigint(20) UNSIGNED NOT NULL AUTO_INCREMENT,
  `username` varchar(64) COLLATE utf8_bin NOT NULL DEFAULT '',
  `db` varchar(64) COLLATE utf8_bin NOT NULL DEFAULT '',
  `table` varchar(64) COLLATE utf8_bin NOT NULL DEFAULT '',
  `timevalue` timestamp NOT NULL DEFAULT CURRENT_TIMESTAMP,
  `sqlquery` text COLLATE utf8_bin NOT NULL,
  PRIMARY KEY (`id`),
  KEY `username` (`username`,`db`,`table`,`timevalue`)
) ENGINE=InnoDB DEFAULT CHARSET=utf8 COLLATE=utf8_bin COMMENT='SQL history for phpMyAdmin';

-- --------------------------------------------------------

--
-- Table structure for table `pma__navigationhiding`
--

DROP TABLE IF EXISTS `pma__navigationhiding`;
CREATE TABLE IF NOT EXISTS `pma__navigationhiding` (
  `username` varchar(64) COLLATE utf8_bin NOT NULL,
  `item_name` varchar(64) COLLATE utf8_bin NOT NULL,
  `item_type` varchar(64) COLLATE utf8_bin NOT NULL,
  `db_name` varchar(64) COLLATE utf8_bin NOT NULL,
  `table_name` varchar(64) COLLATE utf8_bin NOT NULL,
  PRIMARY KEY (`username`,`item_name`,`item_type`,`db_name`,`table_name`)
) ENGINE=InnoDB DEFAULT CHARSET=utf8 COLLATE=utf8_bin COMMENT='Hidden items of navigation tree';

-- --------------------------------------------------------

--
-- Table structure for table `pma__pdf_pages`
--

DROP TABLE IF EXISTS `pma__pdf_pages`;
CREATE TABLE IF NOT EXISTS `pma__pdf_pages` (
  `db_name` varchar(64) COLLATE utf8_bin NOT NULL DEFAULT '',
  `page_nr` int(10) UNSIGNED NOT NULL AUTO_INCREMENT,
  `page_descr` varchar(50) CHARACTER SET utf8 NOT NULL DEFAULT '',
  PRIMARY KEY (`page_nr`),
  KEY `db_name` (`db_name`)
) ENGINE=InnoDB DEFAULT CHARSET=utf8 COLLATE=utf8_bin COMMENT='PDF relation pages for phpMyAdmin';

-- --------------------------------------------------------

--
-- Table structure for table `pma__recent`
--

DROP TABLE IF EXISTS `pma__recent`;
CREATE TABLE IF NOT EXISTS `pma__recent` (
  `username` varchar(64) COLLATE utf8_bin NOT NULL,
  `tables` text COLLATE utf8_bin NOT NULL,
  PRIMARY KEY (`username`)
) ENGINE=InnoDB DEFAULT CHARSET=utf8 COLLATE=utf8_bin COMMENT='Recently accessed tables';

-- --------------------------------------------------------

--
-- Table structure for table `pma__relation`
--

DROP TABLE IF EXISTS `pma__relation`;
CREATE TABLE IF NOT EXISTS `pma__relation` (
  `master_db` varchar(64) COLLATE utf8_bin NOT NULL DEFAULT '',
  `master_table` varchar(64) COLLATE utf8_bin NOT NULL DEFAULT '',
  `master_field` varchar(64) COLLATE utf8_bin NOT NULL DEFAULT '',
  `foreign_db` varchar(64) COLLATE utf8_bin NOT NULL DEFAULT '',
  `foreign_table` varchar(64) COLLATE utf8_bin NOT NULL DEFAULT '',
  `foreign_field` varchar(64) COLLATE utf8_bin NOT NULL DEFAULT '',
  PRIMARY KEY (`master_db`,`master_table`,`master_field`),
  KEY `foreign_field` (`foreign_db`,`foreign_table`)
) ENGINE=InnoDB DEFAULT CHARSET=utf8 COLLATE=utf8_bin COMMENT='Relation table';

-- --------------------------------------------------------

--
-- Table structure for table `pma__savedsearches`
--

DROP TABLE IF EXISTS `pma__savedsearches`;
CREATE TABLE IF NOT EXISTS `pma__savedsearches` (
  `id` int(5) UNSIGNED NOT NULL AUTO_INCREMENT,
  `username` varchar(64) COLLATE utf8_bin NOT NULL DEFAULT '',
  `db_name` varchar(64) COLLATE utf8_bin NOT NULL DEFAULT '',
  `search_name` varchar(64) COLLATE utf8_bin NOT NULL DEFAULT '',
  `search_data` text COLLATE utf8_bin NOT NULL,
  PRIMARY KEY (`id`),
  UNIQUE KEY `u_savedsearches_username_dbname` (`username`,`db_name`,`search_name`)
) ENGINE=InnoDB DEFAULT CHARSET=utf8 COLLATE=utf8_bin COMMENT='Saved searches';

-- --------------------------------------------------------

--
-- Table structure for table `pma__table_coords`
--

DROP TABLE IF EXISTS `pma__table_coords`;
CREATE TABLE IF NOT EXISTS `pma__table_coords` (
  `db_name` varchar(64) COLLATE utf8_bin NOT NULL DEFAULT '',
  `table_name` varchar(64) COLLATE utf8_bin NOT NULL DEFAULT '',
  `pdf_page_number` int(11) NOT NULL DEFAULT '0',
  `x` float UNSIGNED NOT NULL DEFAULT '0',
  `y` float UNSIGNED NOT NULL DEFAULT '0',
  PRIMARY KEY (`db_name`,`table_name`,`pdf_page_number`)
) ENGINE=InnoDB DEFAULT CHARSET=utf8 COLLATE=utf8_bin COMMENT='Table coordinates for phpMyAdmin PDF output';

-- --------------------------------------------------------

--
-- Table structure for table `pma__table_info`
--

DROP TABLE IF EXISTS `pma__table_info`;
CREATE TABLE IF NOT EXISTS `pma__table_info` (
  `db_name` varchar(64) COLLATE utf8_bin NOT NULL DEFAULT '',
  `table_name` varchar(64) COLLATE utf8_bin NOT NULL DEFAULT '',
  `display_field` varchar(64) COLLATE utf8_bin NOT NULL DEFAULT '',
  PRIMARY KEY (`db_name`,`table_name`)
) ENGINE=InnoDB DEFAULT CHARSET=utf8 COLLATE=utf8_bin COMMENT='Table information for phpMyAdmin';

-- --------------------------------------------------------

--
-- Table structure for table `pma__table_uiprefs`
--

DROP TABLE IF EXISTS `pma__table_uiprefs`;
CREATE TABLE IF NOT EXISTS `pma__table_uiprefs` (
  `username` varchar(64) COLLATE utf8_bin NOT NULL,
  `db_name` varchar(64) COLLATE utf8_bin NOT NULL,
  `table_name` varchar(64) COLLATE utf8_bin NOT NULL,
  `prefs` text COLLATE utf8_bin NOT NULL,
  `last_update` timestamp NOT NULL DEFAULT CURRENT_TIMESTAMP ON UPDATE CURRENT_TIMESTAMP,
  PRIMARY KEY (`username`,`db_name`,`table_name`)
) ENGINE=InnoDB DEFAULT CHARSET=utf8 COLLATE=utf8_bin COMMENT='Tables'' UI preferences';

-- --------------------------------------------------------

--
-- Table structure for table `pma__tracking`
--

DROP TABLE IF EXISTS `pma__tracking`;
CREATE TABLE IF NOT EXISTS `pma__tracking` (
  `db_name` varchar(64) COLLATE utf8_bin NOT NULL,
  `table_name` varchar(64) COLLATE utf8_bin NOT NULL,
  `version` int(10) UNSIGNED NOT NULL,
  `date_created` datetime NOT NULL,
  `date_updated` datetime NOT NULL,
  `schema_snapshot` text COLLATE utf8_bin NOT NULL,
  `schema_sql` text COLLATE utf8_bin,
  `data_sql` longtext COLLATE utf8_bin,
  `tracking` set('UPDATE','REPLACE','INSERT','DELETE','TRUNCATE','CREATE DATABASE','ALTER DATABASE','DROP DATABASE','CREATE TABLE','ALTER TABLE','RENAME TABLE','DROP TABLE','CREATE INDEX','DROP INDEX','CREATE VIEW','ALTER VIEW','DROP VIEW') COLLATE utf8_bin DEFAULT NULL,
  `tracking_active` int(1) UNSIGNED NOT NULL DEFAULT '1',
  PRIMARY KEY (`db_name`,`table_name`,`version`)
) ENGINE=InnoDB DEFAULT CHARSET=utf8 COLLATE=utf8_bin COMMENT='Database changes tracking for phpMyAdmin';

-- --------------------------------------------------------

--
-- Table structure for table `pma__userconfig`
--

DROP TABLE IF EXISTS `pma__userconfig`;
CREATE TABLE IF NOT EXISTS `pma__userconfig` (
  `username` varchar(64) COLLATE utf8_bin NOT NULL,
  `timevalue` timestamp NOT NULL DEFAULT CURRENT_TIMESTAMP ON UPDATE CURRENT_TIMESTAMP,
  `config_data` text COLLATE utf8_bin NOT NULL,
  PRIMARY KEY (`username`)
) ENGINE=InnoDB DEFAULT CHARSET=utf8 COLLATE=utf8_bin COMMENT='User preferences storage for phpMyAdmin';

--
-- Dumping data for table `pma__userconfig`
--

INSERT INTO `pma__userconfig` (`username`, `timevalue`, `config_data`) VALUES
('root', '2019-10-09 23:35:09', '{\"Console\\/Mode\":\"collapse\"}');

-- --------------------------------------------------------

--
-- Table structure for table `pma__usergroups`
--

DROP TABLE IF EXISTS `pma__usergroups`;
CREATE TABLE IF NOT EXISTS `pma__usergroups` (
  `usergroup` varchar(64) COLLATE utf8_bin NOT NULL,
  `tab` varchar(64) COLLATE utf8_bin NOT NULL,
  `allowed` enum('Y','N') COLLATE utf8_bin NOT NULL DEFAULT 'N',
  PRIMARY KEY (`usergroup`,`tab`,`allowed`)
) ENGINE=InnoDB DEFAULT CHARSET=utf8 COLLATE=utf8_bin COMMENT='User groups with configured menu items';

-- --------------------------------------------------------

--
-- Table structure for table `pma__users`
--

DROP TABLE IF EXISTS `pma__users`;
CREATE TABLE IF NOT EXISTS `pma__users` (
  `username` varchar(64) COLLATE utf8_bin NOT NULL,
  `usergroup` varchar(64) COLLATE utf8_bin NOT NULL,
  PRIMARY KEY (`username`,`usergroup`)
) ENGINE=InnoDB DEFAULT CHARSET=utf8 COLLATE=utf8_bin COMMENT='Users and their assignments to user groups';
--
-- Database: `skopsys`
--
DROP DATABASE IF EXISTS `skopsys`;
CREATE DATABASE IF NOT EXISTS `skopsys` DEFAULT CHARACTER SET latin1 COLLATE latin1_swedish_ci;
USE `skopsys`;

-- --------------------------------------------------------

--
-- Table structure for table `cusmaster`
--

DROP TABLE IF EXISTS `cusmaster`;
CREATE TABLE IF NOT EXISTS `cusmaster` (
  `cuscode` varchar(30) NOT NULL,
  `companyname` varchar(100) NOT NULL,
  `gstno` varchar(50) DEFAULT NULL,
  `daddress` varchar(200) DEFAULT NULL,
  `baddress` varchar(200) DEFAULT NULL,
  `city` varchar(30) NOT NULL,
  `state` varchar(30) NOT NULL,
  `pincode` varchar(30) NOT NULL,
  `mobile` varchar(12) NOT NULL,
  `phone` varchar(12) DEFAULT NULL,
  `email` varchar(300) DEFAULT NULL,
  `statecode` varchar(20) NOT NULL,
  `tds` varchar(10) DEFAULT NULL,
  `paytype` varchar(30) NOT NULL,
  `status` varchar(30) NOT NULL,
  `username` varchar(30) NOT NULL,
  `password` varchar(30) NOT NULL,
  `permission` varchar(35) NOT NULL DEFAULT '111111111111111111111111111111111',
  `balance` varchar(30) NOT NULL DEFAULT '0',
  `indate` date NOT NULL,
  PRIMARY KEY (`cuscode`)
) ENGINE=InnoDB DEFAULT CHARSET=latin1;

--
-- Dumping data for table `cusmaster`
--

INSERT INTO `cusmaster` (`cuscode`, `companyname`, `gstno`, `daddress`, `baddress`, `city`, `state`, `pincode`, `mobile`, `phone`, `email`, `statecode`, `tds`, `paytype`, `status`, `username`, `password`, `permission`, `balance`, `indate`) VALUES
('CUS2018050001', 'MAPOL BUSINESS SOLUTION PVT LTD', '33AAJCM2998K1ZW', 'No: 109 and 110, 1ST FLOOR, CHAMIERS ROAD, TEYNAPET, CHENNAI-600018', 'No: 109 and 110, 1ST FLOOR, CHAMIERS ROAD, TEYNAPET, CHENNAI-600018', 'CHENNAI', '', '600018', '9894386365', '', 'MOHANKUMAR@MAPOLGROUP.COM,RAJKUMARG@MAPOLGROUP.COM', '33', '2', 'PRE PAID', '1', 'mapol', 'admin', '111111111111111111111111111111111', '53229', '2019-08-01'),
('CUS2018060001', 'BEYONTEC 2NABLE SOLUTIONS PVT LTD', '33AADCB6032D2ZA', 'CEEDEEYES TYCHE TOWERS 1ST FLOOR, BLOCK II, NO:1, MGR ROAD PERUNGUDI, CH-96.', 'CEEDEEYES TYCHE TOWERS 1ST FLOOR, BLOCK II, NO:1, MGR ROAD PERUNGUDI, CH-96.', 'CHENNAI', '', '600096', '9500274427', '', 'EMMANUELA@BEYONTEC.COM, MANISAMYS@BEYONTEC.COM, AYYAPPANM@BEYONTEC.COM.', '33', '0', 'PRE PAID', '1', '', 'admin', '111111111111111111111111111111111', '0', '2019-07-01'),
('CUS2018060002', 'SURENDRA KUMAR', '33JWNPS1183L1ZS', '#1076 L, 57TH STREET, TVS COLONY, ANNA NAGAR WEST EXTENSION, NEAR CHENNAI PUBLIC SCHOOL, CHENNAI - 600101.', '#1076 L, 57TH STREET, TVS COLONY, ANNA NAGAR WEST EXTENSION, NEAR CHENNAI PUBLIC SCHOOL, CHENNAI - 600101.', 'CHENNAI', '', '600101', '9789894964', '', 'SURENDRAK@GMAIL.COM', '33', '2', 'PRE PAID', '1', '', 'admin', '111111111111111111111111111111111', '9535', '2019-07-01'),
('CUS2018070001', 'IRISK ASSURANCE CONSULTANCY SERVICES PVT LTD', '33AADCI6112R2ZD', 'PRINCE INFOCITY II, UNIT NO: 1, 1ST FLOOR, 283/3 ', 'PRINCE INFOCITY II, UNIT NO: 1, 1ST FLOOR, 283/3 ', 'CHENNAI', '', '600096', '9840943618', '', 'BALA@IRISKASSURANCE.COM', '33', '2', 'PRE PAID', '1', 'aaaaaa', 'aaaaaa', '111111111111111111111111111111111', '0', '2019-07-01'),
('CUS2018070002', 'AAHAA STORES PRIVATE LIMITED', '33AALCA4271H1ZR', 'NO: 173, HABIBULLAH ROAD,, 2ND FLOOR,				\n GRAND TRUST CENTER, T. NAGAR, CHENNAI - 600017', 'NO: 173, HABIBULLAH ROAD,, 2ND FLOOR,				\n GRAND TRUST CENTER, T. NAGAR, CHENNAI - 600017', 'CHENNAI', '', '600017', '9976727440', '', 'SENTHIL@AAHAASTORES.COM', '33', '2', 'POST PAID', '1', '', 'admin', '111111111111111111111111111111111', '0', '2019-07-01'),
('CUS2018070003', 'V.SIVAKAMI', '0', '#63/37, 2ND FLOOR, \n ARCOT ROAD,\n KODAMBAKKAM', '#63/37, 2ND FLOOR, \n ARCOT ROAD,\n KODAMBAKKAM', 'CHENNAI', '', '600024', '9710818757', '', 'VSIVA1979@GMAIL.COM', '33', '2', 'PRE PAID', '1', '', 'admin', '111111111111111111111111111111111', '1039', '2019-07-01'),
('CUS2018070004', 'FLY UNIVERSE', '33AAFFF3119A1Z7', 'OFFICE NO: 111, WORKAFELLA,\n 37, TTK ROAD, ALWARPET.\n CHENNAI - 600018', 'OFFICE NO: 111, WORKAFELLA,\n 37, TTK ROAD, ALWARPET.\n CHENNAI - 600018', 'CHENNAI', '', '600018', '9176276775', '', 'FLYUNIVERSE@GMAIL.COM', '33', '2', 'PRE PAID', '1', '', 'admin', '111111111111111111111111111111111', '7906', '2019-07-01'),
('CUS2018070005', 'PEOPLE PRIME WORLDWIDE PVT LTD', '0', '#6, 1ST FLOOR, \n MUTHULAKSHMI STREET,\n INDRA NAGAR, VALASARAVAKKAM.', '#6, 1ST FLOOR, \n MUTHULAKSHMI STREET,\n INDRA NAGAR, VALASARAVAKKAM.', 'CHENNAI', '', '600087', '8939875291', '', 'PPWORLD@GMAIL.COM', '33', '2', 'PRE PAID', '1', '', 'admin', '111111111111111111111111111111111', '0', '2019-07-01'),
('CUS2018070006', 'C. SHANMUGANATHAN (RAVI)', '0', 'C/O, MR.RAVI +919894471975,\n #14, BARATHVAJAR STREET, G2, 1ST FLOOR, ASHOKA TOWERS,\n OPP TO GANDHI PARK,\n EAST TAMBARAM.', 'C/O, MR.RAVI +919894471975,\n #14, BARATHVAJAR STREET, G2, 1ST FLOOR, ASHOKA TOWERS,\n OPP TO GANDHI PARK,\n EAST TAMBARAM.', 'CHENNAI', '', '600059', '9894471975', '', 'RAVINA@GMAIL.COM', '33', '2', 'PRE PAID', '1', '', 'admin', '111111111111111111111111111111111', '0', '2019-07-01'),
('CUS2018070007', 'CHARURUPA TECHNO SOLUTIONS PRIVATE LIMITED', '33AAHCC309012ZB', '#113, 2ND FLOOR,\n 11TH MAIN ROAD, VIJAY NAGAR,\n VELACHERY. CHENNAI - 600042', '#113, 2ND FLOOR,\n 11TH MAIN ROAD, VIJAY NAGAR,\n VELACHERY. CHENNAI - 600042', 'CHENNAI', '', '600042', '9962894422', '', 'CHARURUPA@GMAIL.COM', '33', '2', 'PRE PAID', '1', '', 'admin', '111111111111111111111111111111111', '0', '2019-07-01'),
('CUS2018080001', 'FORMEL D INDIA PVT LTD', '27AABCF4173H1ZO', 'FORMEL D INDIA PVT LTD\n CHENNAI', 'FORMEL D INDIA PVT LTD\n CHENNAI', 'PUNE', '', '411045', '8939364078', '', 'ADMIN-INDIA@FORMELD.COM, GOBINATH.RM@FORMELD.COM', '27', '2', 'PRE PAID', '1', '', 'admin', '111111111111111111111111111111111', '0', '2019-07-01'),
('CUS2018080002', 'E-CONNECT VISA ', '33BLMPS3446J1ZP', 'EA CHAMBERS TOWER II, 5TH FLOOR,  NO. 49/50L, WHITES ROAD, ROYAPETTAH. CHENNAI - 600014', 'EA CHAMBERS TOWER II, 5TH FLOOR,  NO. 49/50L, WHITES ROAD, ROYAPETTAH. CHENNAI - 600014', 'CHENNAI', '', '600014', '7358531038', '', 'SANDEEPECONNECT@GMAIL.COM', '33', '2', 'PRE PAID', '1', '', 'admin', '111111111111111111111111111111111', '0', '2019-07-01'),
('CUS2018080003', 'WEBMUTANT TECHNOLOGIES', '0', 'NO: 1& 2, 2ND FLOOR,\n PRAKASAM SALAI APOLLO CLINIC BUILDING, VALASARAVAKKAM.', 'NO: 1& 2, 2ND FLOOR,\n PRAKASAM SALAI APOLLO CLINIC BUILDING, VALASARAVAKKAM.', 'CHENNAI', '', '600087', '9790967682', '', 'K9790967682@GMAIL.COM', '33', '2', 'PRE PAID', '1', '', 'admin', '111111111111111111111111111111111', '0', '2019-07-01'),
('CUS2018080004', 'RADIANT INFO SYSTEM LTD (S.E.T.C)', '29AABCR6600H1ZG', 'CMBT\n KOYEMBEDU, CHENNAI', 'CMBT\n KOYEMBEDU, CHENNAI', 'BANGALORE', '', '560070', '9940133492', '', 'RADIANTINFO@GMAIL.COM', '29', '2', 'PRE PAID', '1', '', 'admin', '111111111111111111111111111111111', '0', '2019-07-01'),
('CUS2018080005', 'PRAMODA RETAIL PRIVATE LIMITED', '33AAJCP2949P1ZS', '119 AND S 219,, VIVIRA MALL,				\n         	OLD MAHABALIPURAM ROAD, NAVALUR\n 	CHENNAI, KANCHIPURAM,\n 	TAMIL NADU, 603103', '119 AND S 219,, VIVIRA MALL,				\n         	OLD MAHABALIPURAM ROAD, NAVALUR\n 	CHENNAI, KANCHIPURAM,\n 	TAMIL NADU, 603103', 'CHENNAI', '', '603103', '8870015752', '', 'PRAMODARETAIL@GMAIL.COM', '33', '2', 'PRE PAID', '1', '', 'admin', '111111111111111111111111111111111', '0', '2019-07-01'),
('CUS2018080006', 'INDIA TRUST', '33ACBPV8092J1Z5', 'R2, 13TH STREET, SANTHAM COLONY, ANNA NAGAR WEST EXTENSION, THIRUMANGALAM, CHENNAI - 600101', 'R2, 13TH STREET, SANTHAM COLONY, ANNA NAGAR WEST EXTENSION, THIRUMANGALAM, CHENNAI - 600101', 'CHENNAI', '', '600101', '9500005541', '', 'CORPORATE@INDIATRUST.EDUCATION, CHARACTERFORNATION@GMAIL.COM, MOMFORINDIA@GMAIL.COM', '33', '2', 'PRE PAID', '1', '', 'admin', '111111111111111111111111111111111', '0', '2019-07-01'),
('CUS2018080007', 'CYBORG INFOTECH', '33BAJPS2751J2ZG', '#8, GROUND FLOOR, 102, REAL REGENCY COMPLEX, PYCROFTS ROAD ROYAPETTAH, CHENNAI - 600014', '#8, GROUND FLOOR, 102, REAL REGENCY COMPLEX, PYCROFTS ROAD ROYAPETTAH, CHENNAI - 600014', 'CHENNAI', '', '600014', '9840103366', '', 'CYBORG13INFOTECH@GMAIL.COM', '33', '2', 'PRE PAID', '1', '', 'admin', '111111111111111111111111111111111', '0', '2019-07-01'),
('CUS2018080008', 'S.V.T ASSOCIATES', '33AAUFS5054L1ZM', '#43, KANAGARAYA MALAIAPPAN STREET, MANDAVELIPAKKAM, CHENNAI - 600028', '#43, KANAGARAYA MALAIAPPAN STREET, MANDAVELIPAKKAM, CHENNAI - 600028', 'CHENNAI', '', '600028', '9840960032', '', 'SVTASSOCIATES@GMAIL.COM', '33', '2', 'PRE PAID', '1', '', 'admin', '111111111111111111111111111111111', '0', '2019-07-01'),
('CUS2018080009', 'APPTIUM TECHNOLOGIES INDIA PVT LTD', '33AANCA1916H1ZV', 'SP INFOCITY, BLOCK-A, EAST WING, 1ST FLOOR, #40, MGR NEDUNCHALAI SOUTH, KANDANCHAVADI PERUNGUDI,CHENNAI - 600096', 'SP INFOCITY, BLOCK-A, EAST WING, 1ST FLOOR, #40, MGR NEDUNCHALAI SOUTH, KANDANCHAVADI PERUNGUDI,CHENNAI - 600096', 'CHENNAI', '', '600096', '9941466222', '', 'SKUMAR@APPTIUM.COM', '33', '2', 'PRE PAID', '1', '', 'admin', '111111111111111111111111111111111', '0', '2019-07-01'),
('CUS2018080010', 'BLUSTRIP 365', '0', 'NO.33 SEEVARAM 3RD STREET, PERUNGUDI\n CHENNAI - 600096', 'NO.33 SEEVARAM 3RD STREET, PERUNGUDI\n CHENNAI - 600096', 'CHENNAI', '', '600096', '9677214272', '', 'BLUESTRIP@GMAIL.COM', '33', '2', 'PRE PAID', '1', '', 'admin', '111111111111111111111111111111111', '0', '2019-07-01'),
('CUS2018080011', 'FIDELITAS RCM PVT LTD', '33AACCF8147L1ZF', '2ND FLOOR, 27 VELLALAR STREET, ADAMBAKKAM, CHENNAI - 600097.', '2ND FLOOR, 27 VELLALAR STREET, ADAMBAKKAM, CHENNAI - 600097.', 'CHENNAI', '', '600097', '9840199694', '', 'FIDELITAS@GMAIL.COM', '33', '2', 'PRE PAID', '1', '', 'admin', '111111111111111111111111111111111', '0', '2019-07-01'),
('CUS2018080012', 'NIPPON KOEI INDIA PVT LTD.', '33AACCN8035H1ZL', 'PMC FOR TAMIL NADU HEALTH CARE PROJECT, 1ST FLOOR, DMS ANNEX BUILDING, DMS CAMPUS, 359, ANNA SALAI, TEYNAPET.', 'PMC FOR TAMIL NADU HEALTH CARE PROJECT, 1ST FLOOR, DMS ANNEX BUILDING, DMS CAMPUS, 359, ANNA SALAI, TEYNAPET.', 'CHENNAI', '', '600006', '9176646383', '', 'RAJESH@NIPPON.IN', '33', '2', 'PRE PAID', '1', '', 'admin', '111111111111111111111111111111111', '0', '2019-07-01'),
('CUS2018080013', 'ARRIS ENGINEERING SERVICES PVT LTD', '33AAMCA4256F1ZT', '#22F, 3RD FLOOR, THIRU-VI-KA INDUSTRIAL ESTATE, EKKATUTHANGAL, CHENNAI - 600032', '#22F, 3RD FLOOR, THIRU-VI-KA INDUSTRIAL ESTATE, EKKATUTHANGAL, CHENNAI - 600032', 'CHENNAI', '', '600032', '9894853721', '', 'ARRISENG@GMAIL.COM', '33', '2', 'PRE PAID', '1', '', 'admin', '111111111111111111111111111111111', '0', '2019-07-01'),
('CUS2018080014', 'HOCAPS FACILITY MANAGEMENT PVT LTD', '33AADCH0911P1Z0', '#1/17, 12TH STREET, VENKATESHWARA NAGAR, RAMAPURAM, CHENNAI - 600089.', '#1/17, 12TH STREET, VENKATESHWARA NAGAR, RAMAPURAM, CHENNAI - 600089.', 'CHENNAI', '', '600089', '8939818925', '', 'ADMIN@HOCAPS.IN', '33', '2', 'PRE PAID', '1', '', 'admin', '111111111111111111111111111111111', '0', '2019-07-01'),
('CUS2018080015', 'POORVIKA MOBILES PVT LTD', '33AAECP9975G1Z0', 'AGR PLATINA, NO: 32, DEVELOPED PLOT NP, GUINDY INDUSTRIAL ESTATE, EKKATUTHANGAL, CHENNAI - 600032', 'AGR PLATINA, NO: 32, DEVELOPED PLOT NP, GUINDY INDUSTRIAL ESTATE, EKKATUTHANGAL, CHENNAI - 600032', 'CHENNAI', '', '600032', '9789997855', '', 'POORVIKA@GMAIL.COM', '33', '2', 'PRE PAID', '1', '', 'admin', '111111111111111111111111111111111', '0', '2019-07-01'),
('CUS2018080016', 'SREE KRISHNA AGENCIES', '33ADIFS0114L1ZP', '#105, 1ST FLOOR, \"CAUVERY COMPLEX\", NUNGAMBAKKAM HIGH ROAD, NUNGAMBAKKAM, CHENNAI - 600034', '#105, 1ST FLOOR, \"CAUVERY COMPLEX\", NUNGAMBAKKAM HIGH ROAD, NUNGAMBAKKAM, CHENNAI - 600034', 'CHENNAI', '', '600034', '9884719036', '', 'SREEKRISHNA@GMAIL.COM', '33', '2', 'PRE PAID', '1', '', 'admin', '111111111111111111111111111111111', '0', '2019-07-01'),
('CUS2018080017', 'FUSE PLM', '0', '#38A, SHANTHI NAGAR, PUTHU AGARAM, KOLATHUR, CHENNAI - 600099', '#38A, SHANTHI NAGAR, PUTHU AGARAM, KOLATHUR, CHENNAI - 600099', 'CHENNAI', '', '600099', '9790332460', '', 'SHREYAS.BHAT@FUSEPLM.COM', '33', '2', 'PRE PAID', '1', '', 'admin', '111111111111111111111111111111111', '0', '2019-07-01'),
('CUS2018080018', 'RIDH ENGINEERING SERVICES', '33AASFR5040F1Z8', '#236, 2ND FLOOR, P.R.PLAZA, VELACHERY TAMBARAM MAIN ROAD, SELAIYUR, CHENNAI - 600073', '#236, 2ND FLOOR, P.R.PLAZA, VELACHERY TAMBARAM MAIN ROAD, SELAIYUR, CHENNAI - 600073', 'CHENNAI', '', '600073', '8939846349', '', 'DAD@RIDHENGG.COM, BKN@RIDHENGG.COM', '33', '2', 'PRE PAID', '1', '', 'admin', '111111111111111111111111111111111', '0', '2019-07-01'),
('CUS2018080019', 'UNIQUE SIGN INNOVATIONS', '0', '#23, MAYOR CHITTIBABU STREET, TRIPLICANE, CHENNAI - 600005', '#23, MAYOR CHITTIBABU STREET, TRIPLICANE, CHENNAI - 600005', 'CHENNAI', '', '600005', '8248211544', '', 'VENU@GMAIL.COM', '33', '2', 'PRE PAID', '1', '', 'admin', '111111111111111111111111111111111', '0', '2019-07-01'),
('CUS2018080020', 'CAPITAL RECORD CENTRE PVT LTD', '33AADCC6150F1Z3', 'E28, THIRU-VI-KA ROAD, MM NAGAR INDUSTRIAL ESTATE, MM NAGAR, CHENNAI - 603209', 'E28, THIRU-VI-KA ROAD, MM NAGAR INDUSTRIAL ESTATE, MM NAGAR, CHENNAI - 603209', 'CHENNAI', '', '603209', '9884000629', '', 'PRAKASH@CAPITALRECORD.IN', '33', '2', 'PRE PAID', '1', '', 'admin', '111111111111111111111111111111111', '0', '2019-07-01'),
('CUS2018080021', 'SRIV TESTING CONSULTANTS HUB PRIVATE LIMITED', '33AAUCS3982N1ZF', 'PLOT NO: 70, DARSHAN VILLA, 2ND CROSS, CHANDRASEKAR, PTC, THORAIPAKKAM, CHENNAI - 600097', 'PLOT NO: 70, DARSHAN VILLA, 2ND CROSS, CHANDRASEKAR, PTC, THORAIPAKKAM, CHENNAI - 600097', 'CHENNAI', '', '600097', '8678995500', '', 'ADMIN@SRIVTESTING.COM', '33', '2', 'PRE PAID', '1', '', 'admin', '111111111111111111111111111111111', '0', '2019-07-01'),
('CUS2018080022', 'CALIBHER BUSINESS SUPPORT SERVICES PVT LTD', '33AADCP9748A1ZI', 'BROOKLYN BUSINESS CENTERS, 6B, 6TH FLOOR, WEST WING, NO.103-105/13, POONAMALLEE HIGH ROAD, CHENNAI - 600084', 'BROOKLYN BUSINESS CENTERS, 6B, 6TH FLOOR, WEST WING, NO.103-105/13, POONAMALLEE HIGH ROAD, CHENNAI - 600084', 'CHENNAI', '', '600084', '9543481592', '', 'CALIBHER@GMAIL.COM', '33', '2', 'PRE PAID', '1', '', 'admin', '111111111111111111111111111111111', '0', '2019-07-01'),
('CUS2018090001', 'EBRAMHA INC', '0', '#20, 1ST MAIN ROAD, GANESH NAGAR, IYAPPA NAGAR, MADIPAKKAM, CHENNAI - 600091', '#20, 1ST MAIN ROAD, GANESH NAGAR, IYAPPA NAGAR, MADIPAKKAM, CHENNAI - 600091', 'CHENNAI', '', '600091', '9840285200', '', 'MURALIEBRAMHA@GMAIL.COM', '33', '2', 'PRE PAID', '1', '', 'admin', '111111111111111111111111111111111', '0', '2019-07-01'),
('CUS2018090002', 'LANSON MOTORS PRIVATE LTD', '33AAACL7624G1ZQ', 'NO. 34 POONAMALLE HIGH ROAD						KOYAMBEDU, CHENNAI-600107', 'NO. 34 POONAMALLE HIGH ROAD						KOYAMBEDU, CHENNAI-600107', 'CHENNAI', '', '600107', '9940669515', '', 'EDP@LANSONTOYOTA.COM', '33', '2', 'PRE PAID', '1', '', 'admin', '111111111111111111111111111111111', '13075', '2019-07-01'),
('CUS2018090003', 'ABRAX AUTODETAIL PRIVATE LIMITED', '33AAPCA3333A1Z8', 'NO 5, FIRST FLOOR, LENIN COMPLEX, CAMP ROAD JN. SELAIYUR,\n CHENNAI, 600073', 'NO 5, FIRST FLOOR, LENIN COMPLEX, CAMP ROAD JN. SELAIYUR,\n CHENNAI, 600073', 'CHENNAI', '', '600073', '9962403630', '', 'CEO@CARPARLOUR.COM, SANJAY@CARPARLOUR.COM, ANITHA@CARPARLOUR.COM', '33', '2', 'PRE PAID', '1', '', 'admin', '111111111111111111111111111111111', '0', '2019-07-01'),
('CUS2018110001', 'GRAND RESOURCE FACTORY PVT LTD', '27AAGCR3930F1ZG', 'MR.SOLOMON\n CHENNAI', 'MR.SOLOMON\n CHENNAI', 'MUMBAI', '', '400053', '9360445540', '', 'ABEL.SOLOMON@GRANDRF.COM', '27', '0', 'PRE PAID', '1', '', 'admin', '111111111111111111111111111111111', '0', '2019-07-01'),
('CUS2018110002', 'ANDES INDIA', '0', '#120, VALLURVARKOTTAM HIGH ROAD, NUNGAMBAKKAM, CHENNAI - 600034.', '#120, VALLURVARKOTTAM HIGH ROAD, NUNGAMBAKKAM, CHENNAI - 600034.', 'CHENNAI', '', '600034', '9940259975', '', 'ANDESINDIA@GMAIL.COM', '33', '0', 'PRE PAID', '1', '', 'admin', '111111111111111111111111111111111', '0', '2019-07-01'),
('CUS2018110003', 'ROBUST INFOTEL', '33AQCPK0610Q2ZZ', '#66/33, AYYAVOO STREET, SHENOY NAGAR, NEAR BILROTH HOSPITAL, CHENNAI - 600030', '#66/33, AYYAVOO STREET, SHENOY NAGAR, NEAR BILROTH HOSPITAL, CHENNAI - 600030', 'CHENNAI', '', '600030', '9566030668', '', 'ROBUST@GMAIL.COM', '33', '0', 'PRE PAID', '1', '', 'admin', '111111111111111111111111111111111', '0', '2019-07-01'),
('CUS2018120001', 'ARCHIPELAGO RESEARCH SUPPORT SERVICES PRIVATE LIMITED', '33AARCA2291B1ZX', '3RD FLOOR, SKCL ICON, C-42, 43, A-17 & 18, SIDCO INDUSTRIAL ESTATE, GUINDY, CHENNAI - 600032', '3RD FLOOR, SKCL ICON, C-42, 43, A-17 & 18, SIDCO INDUSTRIAL ESTATE, GUINDY, CHENNAI - 600032', 'CHENNAI', '', '600032', '9952000058', '', 'NAVEEN@ARCHIPELAGO.CO.IN', '33', '0', 'PRE PAID', '1', '', 'admin', '111111111111111111111111111111111', '0', '2019-07-01'),
('CUS2018120002', 'PILECUBES INDIA PRIVATE LIMITED', '33AAKCP0976H1Z9', '#45, 1ST FLOOR, CELESTIAL POINT, DHAMODHARAN STREET, T.NAGAR, CHENNAI - 600017.', '#45, 1ST FLOOR, CELESTIAL POINT, DHAMODHARAN STREET, T.NAGAR, CHENNAI - 600017.', 'CHENNAI', '', '600017', '7548885750', '', 'SINGARAJMUTHU@DRAUGHTINGTABLE.COM', '33', '0', 'PRE PAID', '1', '', 'admin', '111111111111111111111111111111111', '0', '2019-07-01'),
('CUS2018120003', 'AB REALVALUE ENTERPRISES', '0', '#20, DEIVASIGAMANI STREET, MUTHAMIZHL NAGAR, PAMMAL, CHENNAI - 600075.', '#20, DEIVASIGAMANI STREET, MUTHAMIZHL NAGAR, PAMMAL, CHENNAI - 600075.', 'CHENNAI', '', '600075', '9176157574', '', 'ABREALVALUE@GMAIL.COM', '33', '0', 'PRE PAID', '1', '', 'admin', '111111111111111111111111111111111', '0', '2019-07-01'),
('CUS2018120004', 'RENTSHER ONLINE RENTALS PRIVATE LIMITED', '29AAHCR5279E1ZZ', '248, NAGAWARA JUNCTION, OUTER RING ROAD BANGALORE, BANGALORE - 560045', '248, NAGAWARA JUNCTION, OUTER RING ROAD BANGALORE, BANGALORE - 560045', 'BANGALORE', '', '560045', '8884833222', '', 'ASHWIN@RENTSHER.IN', '29', '0', 'PRE PAID', '1', '', 'admin', '111111111111111111111111111111111', '0', '2019-07-01'),
('CUS2018120005', 'MR.LINGAMOORTHY', '0', 'NO:16, 8TH MAIN STREET, DHANALAKSHMI NAGAR, MADURAVOYAL, CHENNAI - 600095.', 'NO:16, 8TH MAIN STREET, DHANALAKSHMI NAGAR, MADURAVOYAL, CHENNAI - 600095.', 'CHENNAI', '', '600095', '8608971853', '', 'LINGA@GMAIL.COM', '33', '0', 'PRE PAID', '1', '', 'admin', '111111111111111111111111111111111', '0', '2019-07-01'),
('CUS2018120006', 'EVAM CORPORATE TRAINING PRIVATE LIMITED', '33AACCE4075A1Z8', '#62/1C, 1ST FLOOR, CHAMIERS APARTMENT, R A PURAM, CHENNAI - 600028', '#62/1C, 1ST FLOOR, CHAMIERS APARTMENT, R A PURAM, CHENNAI - 600028', 'CHENNAI', '', '600028', '9790792115', '', 'EVAM@GMAIL.COM', '33', '0', 'PRE PAID', '1', '', 'admin', '111111111111111111111111111111111', '0', '2019-07-01'),
('CUS2018120007', 'WIN TECHNOLOGIES', '33AAAFW5952B1ZG', '#18, MOOSA STREET,\n T.NAGAR\n CHENNAI - 600032', '#18, MOOSA STREET,\n T.NAGAR\n CHENNAI - 600032', 'CHENNAI', '', '600032', '9840084093', '', 'WINTEC@GMAIL.COM', '33', '0', 'POST PAID', '1', '', 'admin', '111111111111111111111111111111111', '0', '2019-07-01'),
('CUS2018120008', 'ELITE RECRUITMENTZ', '33CONPP7250J1ZI', '1ST FLOOR, NO: 4/34, SP CHATEAU APARTMENTS, 4TH MAIN ROAD, RAJALAKSHMI NAGAR, VELACHERY, CHENNAI - 600042.', '1ST FLOOR, NO: 4/34, SP CHATEAU APARTMENTS, 4TH MAIN ROAD, RAJALAKSHMI NAGAR, VELACHERY, CHENNAI - 600042.', 'CHENNAI', '', '600042', '9994043113', '', 'ELITE@GMAIL.COM', '33', '0', 'PRE PAID', '1', '', 'admin', '111111111111111111111111111111111', '0', '2019-07-01'),
('CUS2018120009', 'MR.N.K.MUTHU', '0', 'G4, SRI KANAKA DEVI APARTMENTS, 25/11, THIRD STREET, PARTHASARATHY NAGAR, ADAMBAKKAM, CHENNAI - 600088', 'G4, SRI KANAKA DEVI APARTMENTS, 25/11, THIRD STREET, PARTHASARATHY NAGAR, ADAMBAKKAM, CHENNAI - 600088', 'CHENNAI', '', '600088', '9840312484', '', 'NKMUTHU@GMAIL.COM', '33', '0', 'PRE PAID', '1', '', 'admin', '111111111111111111111111111111111', '0', '2019-07-01'),
('CUS2018120010', 'AARGEE STAFFING SERVICES PRIVATE LIMITED', '33AAHCA6051D1Z5', '3RD FLOOR, NO:177/103, AMBALS BUILDING, AVVAI SHANMUGAM SALAI, ROYAPETTAH, CHENNAI - 600014', '3RD FLOOR, NO:177/103, AMBALS BUILDING, AVVAI SHANMUGAM SALAI, ROYAPETTAH, CHENNAI - 600014', 'CHENNAI', '', '600014', '7305405678', '', 'AARGEE@GMAIL.COM', '33', '0', 'PRE PAID', '1', '', 'admin', '111111111111111111111111111111111', '0', '2019-07-01'),
('CUS2018120011', 'NIKKI INDIA FUEL SYSTEM PRIVATE LIMITED', '33AADCN7367B1ZN', '#135, ULUNDHAI VILLAGE, THANDALAM - PERAMBAKKAM MAIN ROAD, THIRUVALLUR TALUK & DISTRICT, PINCODE - 602105.', '#135, ULUNDHAI VILLAGE, THANDALAM - PERAMBAKKAM MAIN ROAD, THIRUVALLUR TALUK & DISTRICT, PINCODE - 602105.', 'THIRUVALLUR', '', '602105', '9677111219', '', 'NIFS@NIFS.CO.IN', '33', '0', 'PRE PAID', '1', '', 'admin', '111111111111111111111111111111111', '0', '2019-07-01'),
('CUS2019010001', 'MR.MANICKAVASAGAM', '0', 'NEW NO:  17, SINGARA MUDALI STREET, \n T.NAGAR,', 'NEW NO:  17, SINGARA MUDALI STREET, \n T.NAGAR,', 'CHENNAI', '', '600017', '9444150389', '', 'SSHANKAR@GMAIL.COM', '33', '0', 'PRE PAID', '1', '', 'admin', '111111111111111111111111111111111', '0', '2019-07-01'),
('CUS2019020001', 'M/S RDO INDIA PRIVATE LIMITED', '0', 'TVH BELICCIA, SUITE 901, 9TH FLOOR, MRC NAGAR, CHENNAI - 600028', 'TVH BELICCIA, SUITE 901, 9TH FLOOR, MRC NAGAR, CHENNAI - 600028', 'CHENNAI', '', '600028', '9841815787', '', 'ADITYA.SHIVKUMAR@GMAIL.COM', '33', '0', 'PRE PAID', '1', '', 'admin', '111111111111111111111111111111111', '0', '2019-07-01'),
('CUS2019020002', 'SPARKISH EVENTS PVT LTD', '33AAXCS7438N1ZD', '109 - 110 SAFFAN SQUARE, PASUMPON MUTHURAMALINGA DEVAR ROAD, NANDANAM, CHENNAI - 600018', '109 - 110 SAFFAN SQUARE, PASUMPON MUTHURAMALINGA DEVAR ROAD, NANDANAM, CHENNAI - 600018', 'CHENNAI', '', '600018', '9962841201', '', 'SPARKISHEVENTS@GMAIL.COM', '33', '0', 'PRE PAID', '1', '', 'admin', '111111111111111111111111111111111', '0', '2019-07-01');

-- --------------------------------------------------------

--
-- Table structure for table `dc`
--

DROP TABLE IF EXISTS `dc`;
CREATE TABLE IF NOT EXISTS `dc` (
  `slno` int(20) NOT NULL AUTO_INCREMENT,
  `dcno` varchar(100) NOT NULL,
  `cuscode` varchar(100) NOT NULL,
  `tcode` varchar(100) NOT NULL,
  `dcdate` varchar(100) NOT NULL,
  `intype` varchar(100) NOT NULL,
  `rang` varchar(100) NOT NULL,
  `dctype` varchar(100) NOT NULL,
  `orderby` varchar(100) NOT NULL,
  `orderno` varchar(100) NOT NULL,
  `daddress` varchar(250) NOT NULL,
  `baddress` varchar(250) NOT NULL,
  `serials` varchar(500) NOT NULL,
  `cdate` varchar(10) NOT NULL,
  `source` varchar(10) NOT NULL,
  `companyname` varchar(100) NOT NULL,
  `scount` varchar(100) NOT NULL,
  `effdate` varchar(10) NOT NULL,
  PRIMARY KEY (`slno`)
) ENGINE=InnoDB AUTO_INCREMENT=19 DEFAULT CHARSET=utf8;

--
-- Dumping data for table `dc`
--

INSERT INTO `dc` (`slno`, `dcno`, `cuscode`, `tcode`, `dcdate`, `intype`, `rang`, `dctype`, `orderby`, `orderno`, `daddress`, `baddress`, `serials`, `cdate`, `source`, `companyname`, `scount`, `effdate`) VALUES
(15, 'DC2019071', 'CUS2018050001', 'TRN2019078549', '2019-07-03', 'MONTHLY', '1', 'rental', '', '', 'MAPOL BUSINESS SOLUTION PVT LTD\nNo: 109 and 110, 1ST FLOOR, CHAMIERS ROAD, TEYNAPET, CHENNAI-600018\nGSTIN :33AAJCM2998K1ZW', 'MAPOL BUSINESS SOLUTION PVT LTD\nNo: 109 and 110, 1ST FLOOR, CHAMIERS ROAD, TEYNAPET, CHENNAI-600018\nGSTIN :33AAJCM2998K1ZW', '$CU001$CU002$CU003', '03/07/2019', 'SS3 ', 'MAPOL BUSINESS SOLUTION PVT LTD', '3', '03-07-2019'),
(16, 'DC2019071', 'CUS2018050001', 'TRN2019078549', '2019-07-01', 'MONTHLY', '1', 'rental', '', '', 'MAPOL BUSINESS SOLUTION PVT LTD\nNo: 109 and 110, 1ST FLOOR, CHAMIERS ROAD, TEYNAPET, CHENNAI-600018\nGSTIN :33AAJCM2998K1ZW', 'MAPOL BUSINESS SOLUTION PVT LTD\nNo: 109 and 110, 1ST FLOOR, CHAMIERS ROAD, TEYNAPET, CHENNAI-600018\nGSTIN :33AAJCM2998K1ZW', '$CU001$CU002$CU003', '03/07/2019', 'SS3 ', 'MAPOL BUSINESS SOLUTION PVT LTD', '3', '01-07-2019'),
(17, 'DC2019072', 'CUS2018070003', 'TRN2019074966', '2019-07-03', 'DAILY', '1', 'rental', '', '', 'V.SIVAKAMI\n#63/37, 2ND FLOOR, \n ARCOT ROAD,\n KODAMBAKKAM\nGSTIN :0', 'V.SIVAKAMI\n#63/37, 2ND FLOOR, \n ARCOT ROAD,\n KODAMBAKKAM\nGSTIN :0', '$CU004$CU005', '03/07/2019', 'SS2 ', 'V.SIVAKAMI', '2', '03-07-2019'),
(18, 'DC2019073', 'CUS2018090002', 'TRN2019074335', '2019-07-03', 'DAILY', '1', 'rental', '', '', 'LANSON MOTORS PRIVATE LTD\nNO. 34 POONAMALLE HIGH ROAD						KOYAMBEDU, CHENNAI-600107\nGSTIN :33AAACL7624G1ZQ', 'LANSON MOTORS PRIVATE LTD\nNO. 34 POONAMALLE HIGH ROAD						KOYAMBEDU, CHENNAI-600107\nGSTIN :33AAACL7624G1ZQ', '$CU006$CU007$CU008', '03/07/2019', 'SS3 ', 'LANSON MOTORS PRIVATE LTD', '3', '03-07-2019');

-- --------------------------------------------------------

--
-- Table structure for table `dccount`
--

DROP TABLE IF EXISTS `dccount`;
CREATE TABLE IF NOT EXISTS `dccount` (
  `year` varchar(8) NOT NULL,
  `count` int(3) NOT NULL DEFAULT '0',
  `empcount` int(10) NOT NULL DEFAULT '0',
  `cuscount` int(10) DEFAULT '0',
  `vencount` int(10) NOT NULL DEFAULT '0',
  PRIMARY KEY (`year`)
) ENGINE=InnoDB DEFAULT CHARSET=utf8;

--
-- Dumping data for table `dccount`
--

INSERT INTO `dccount` (`year`, `count`, `empcount`, `cuscount`, `vencount`) VALUES
('20192020', 11, 0, 0, 0);

-- --------------------------------------------------------

--
-- Table structure for table `emp_master`
--

DROP TABLE IF EXISTS `emp_master`;
CREATE TABLE IF NOT EXISTS `emp_master` (
  `empcode` varchar(30) NOT NULL,
  `firstname` varchar(20) NOT NULL,
  `lastname` varchar(20) NOT NULL,
  `dept` varchar(20) NOT NULL,
  `email` varchar(30) NOT NULL,
  `mobile` varchar(12) NOT NULL,
  `username` varchar(30) NOT NULL,
  `password` varchar(30) NOT NULL,
  `status` varchar(20) NOT NULL,
  `displayname` varchar(30) NOT NULL,
  `permission` varchar(35) NOT NULL DEFAULT '111111111111111111111111111111111',
  PRIMARY KEY (`empcode`)
) ENGINE=InnoDB DEFAULT CHARSET=latin1;

--
-- Dumping data for table `emp_master`
--

INSERT INTO `emp_master` (`empcode`, `firstname`, `lastname`, `dept`, `email`, `mobile`, `username`, `password`, `status`, `displayname`, `permission`) VALUES
('EMP2018050001', 'Sridhar', 'N', 'Administration', 'sridhar@skopsys.in', '9840896978', 'sridhar', 'admin', 'ACTIVE', 'Sridhar', '11111111111111111111111111111111'),
('EMP2018050002', 'Motirajan', 'G', 'Administration', 'support@skopsys.in', '8939654762', 'moti', 'admin', 'ACTIVE', 'Moti', '11111111111111111111111111111111'),
('EMP2018060001', 'Ranjani', 'Palani Selvam', 'Sales', 'sales@skopsys.in', '7550073162', 'ranjani', 'admin', 'ACTIVE', 'Ranjani', '11111111111111111111111111111111'),
('EMP201903999', 'dany', 'k', 'admin', 'ad@weunitx.com', '9952056265', 'dany', '12345', 'ACTIVE', 'Dany', '11111111111111111111111111111111');

-- --------------------------------------------------------

--
-- Table structure for table `enterorder`
--

DROP TABLE IF EXISTS `enterorder`;
CREATE TABLE IF NOT EXISTS `enterorder` (
  `tcode` varchar(30) NOT NULL,
  `cuscode` varchar(30) NOT NULL,
  `odate` varchar(30) NOT NULL,
  `remarks` varchar(30) DEFAULT NULL,
  `serial` varchar(30) NOT NULL,
  `costpm` double NOT NULL DEFAULT '0',
  `flag` varchar(10) DEFAULT '0',
  PRIMARY KEY (`serial`)
) ENGINE=InnoDB DEFAULT CHARSET=utf8;

--
-- Dumping data for table `enterorder`
--

INSERT INTO `enterorder` (`tcode`, `cuscode`, `odate`, `remarks`, `serial`, `costpm`, `flag`) VALUES
('TRN2019078549', 'CUS2018050001', '2019-07-03', '', 'CU001', 100, '1'),
('TRN2019078549', 'CUS2018050001', '2019-07-03', '', 'CU002', 113.33333333333333, '1'),
('TRN2019078549', 'CUS2018050001', '2019-07-03', '', 'CU003', 100, '1'),
('TRN2019074966', 'CUS2018070003', '2019-07-03', 'testing data', 'CU004', 200, '1'),
('TRN2019074966', 'CUS2018070003', '2019-07-03', 'testing data', 'CU005', 180, '1'),
('TRN2019074335', 'CUS2018090002', '2019-07-03', 'testing datat 1', 'CU006', 1000, '1'),
('TRN2019074335', 'CUS2018090002', '2019-07-03', 'testing datat 1', 'CU007', 1000, '1'),
('TRN2019074335', 'CUS2018090002', '2019-07-03', 'testing datat 1', 'CU008', 1080, '1'),
('TRN2019075056', 'CUS2018060002', '2019-07-03', '', 'CU009', 1000, '1'),
('TRN2019075056', 'CUS2018060002', '2019-07-03', '', 'CU010', 1000, '1'),
('TRN2019075056', 'CUS2018060002', '2019-07-03', '', 'CU011', 1080, '1'),
('TRN2019079681', 'CUS2018070004', '2019-07-03', '', 'CU012', 1900, '1'),
('TRN2019079681', 'CUS2018070004', '2019-07-03', '', 'CU013', 1900, '1'),
('TRN2019079681', 'CUS2018070004', '2019-07-03', '', 'CU014', 1900, '1'),
('TRN2019071654', 'CUS2018050001', '2019-07-03', '', 'CU015', 3000, '1'),
('TRN2019074399', 'CUS2018050001', '2019-07-03', '', 'CU016', 100, '1'),
('TRN2019077477', 'CUS2018050001', '2019-07-03', '', 'CU017', 1000, '1'),
('TRN2019074176', 'CUS2018050001', '2019-07-03', '', 'CU018', 2000, '1'),
('TRN2019078660', 'RAVI', '2019-07-03', '', 'CU019', 0, '0'),
('TRN2019079859', 'CUS2018050001', '2019-07-03', '', 'CU020', 9000, '1'),
('TRN2019071947', 'CUS2018050001', '2019-07-03', '', 'LT001', 4000, '1');

-- --------------------------------------------------------

--
-- Table structure for table `incount`
--

DROP TABLE IF EXISTS `incount`;
CREATE TABLE IF NOT EXISTS `incount` (
  `year` varchar(30) NOT NULL,
  `count` varchar(30) NOT NULL DEFAULT '0',
  `indate` date NOT NULL,
  PRIMARY KEY (`year`)
) ENGINE=InnoDB DEFAULT CHARSET=utf8;

--
-- Dumping data for table `incount`
--

INSERT INTO `incount` (`year`, `count`, `indate`) VALUES
('2019', '13', '0000-00-00'),
('20192020', '13', '0000-00-00');

-- --------------------------------------------------------

--
-- Table structure for table `invoice`
--

DROP TABLE IF EXISTS `invoice`;
CREATE TABLE IF NOT EXISTS `invoice` (
  `iid` varchar(100) NOT NULL,
  `dcno` varchar(100) NOT NULL,
  `bdate` varchar(100) NOT NULL,
  `lbdate` varchar(100) DEFAULT '-',
  `cost` varchar(100) NOT NULL DEFAULT '0',
  `slno` int(20) NOT NULL AUTO_INCREMENT,
  `flag` int(10) DEFAULT '0',
  `flag2` int(10) NOT NULL DEFAULT '0',
  PRIMARY KEY (`slno`)
) ENGINE=InnoDB AUTO_INCREMENT=22 DEFAULT CHARSET=utf8;

--
-- Dumping data for table `invoice`
--

INSERT INTO `invoice` (`iid`, `dcno`, `bdate`, `lbdate`, `cost`, `slno`, `flag`, `flag2`) VALUES
('IN2019071', 'DC2019071', '2019-07-03', '2019-07-03', '0', 11, 0, 0),
('IN2019071', 'DC2019072', '2019-07-03', '2019-07-03', '0', 12, 0, 0),
('IN2019073', 'DC2019073', '2019-07-03', '2019-07-03', '0', 13, 0, 0),
('IN2019074', 'DC2019074', '2019-07-03', '2019-07-03', '0', 14, 0, 0),
('IN2019075', 'DC2019075', '2019-07-03', '2019-07-03', '0', 15, 0, 0),
('IN2019076', 'DC2019076', '2019-07-03', '2019-07-03', '0', 16, 0, 0),
('IN2019079', 'DC2019077', '2019-07-03', '2019-07-03', '0', 17, 0, 0),
('IN20190710', 'DC2019078', '2019-07-03', '2019-07-03', '0', 18, 0, 0),
('IN20190711', 'DC2019079', '2019-07-03', '2019-07-03', '0', 19, 0, 0),
('IN20190712', 'DC20190710', '2019-07-03', '2019-07-03', '0', 20, 0, 0),
('IN20190713', 'DC20190711', '2019-07-03', '2019-07-03', '0', 21, 0, 0);

-- --------------------------------------------------------

--
-- Table structure for table `invoices`
--

DROP TABLE IF EXISTS `invoices`;
CREATE TABLE IF NOT EXISTS `invoices` (
  `billno` varchar(150) NOT NULL,
  `instart` text NOT NULL,
  `inend` text NOT NULL,
  `dcno` text NOT NULL,
  `orderno` text NOT NULL,
  `source` text NOT NULL,
  `baddress` text NOT NULL,
  `prodesc` text NOT NULL,
  `hsnsac` text NOT NULL,
  `qty` text NOT NULL,
  `rate` text NOT NULL,
  `amount` text NOT NULL,
  `subtotal` text NOT NULL,
  `discount` text NOT NULL,
  `tcharge` text NOT NULL,
  `gstno` text NOT NULL,
  `summary` text NOT NULL,
  `orderby` text NOT NULL,
  `slno` text NOT NULL,
  `scost` text NOT NULL,
  `sgst` text NOT NULL,
  `cgst` text NOT NULL,
  `igst` text NOT NULL,
  `total` text NOT NULL,
  `cuscode` text NOT NULL,
  `companyname` text NOT NULL,
  `indx` int(11) NOT NULL AUTO_INCREMENT,
  PRIMARY KEY (`indx`)
) ENGINE=InnoDB AUTO_INCREMENT=14 DEFAULT CHARSET=utf8;

--
-- Dumping data for table `invoices`
--

INSERT INTO `invoices` (`billno`, `instart`, `inend`, `dcno`, `orderno`, `source`, `baddress`, `prodesc`, `hsnsac`, `qty`, `rate`, `amount`, `subtotal`, `discount`, `tcharge`, `gstno`, `summary`, `orderby`, `slno`, `scost`, `sgst`, `cgst`, `igst`, `total`, `cuscode`, `companyname`, `indx`) VALUES
('IN2019070001', '01-07-2019', '', '', '', 'SS3 ', 'MAPOL BUSINESS SOLUTION PVT LTD\nNo: 109 and 110, 1ST FLOOR, CHAMIERS ROAD, TEYNAPET, CHENNAI-600018\nGSTIN :33AAJCM2998K1ZW', '$Dc NO: DC2019071$DESKTOP CPU-I5 4GB RAM 256GB SSD$DESKTOP CPU-I5 4GB RAM 256GB SSD$Rental period : 01-07-2019 to 31-07-2019 (30 Days)$', '$$000/98725$000/98725$$', '$-1$2$1$-1$-1', '$$3000$3400$$', '$$6000$3400$$', '9400', '0', '0', '33', 'Rupees : Sixteen Thousand Nine Hundred and Ninety Two  only', '', '$$1$2$$', '5000', '1296', '1296', '0', '16992', 'CUS2018050001', 'MAPOL BUSINESS SOLUTION PVT LTD', 1),
('IN2019070002', '03-07-2019', '', '', '', 'SS2 ', 'V.SIVAKAMI\n#63/37, 2ND FLOOR, \n ARCOT ROAD,\n KODAMBAKKAM\nGSTIN :0', '$Dc NO: DC2019072$DESKTOP CPU-I5 4GB RAM 256GB SSD$DESKTOP CPU-I5 4GB RAM 256GB SSD$Rental period : 03-07-2019 to 03-07-2019 (1 Days)$', '$$000/98725$000/98725$$', '$-1$1$1$-1$-1', '$$180$200$$', '$$180$200$$', '380', '0', '0', '33', 'Rupees : One Thousand Thirty Nine  only', '', '$$1$2$$', '500', '79.2', '79.2', '0', '1039', 'CUS2018070003', 'V.SIVAKAMI', 2),
('IN2019070003', '03-07-2019', '', '', '', 'SS3 ', 'LANSON MOTORS PRIVATE LTD\nNO. 34 POONAMALLE HIGH ROAD						KOYAMBEDU, CHENNAI-600107\nGSTIN :33AAACL7624G1ZQ', '$Dc NO: DC2019073$DESKTOP CPU-I5 4GB RAM 256GB SSD$DESKTOP CPU-I5 4GB RAM 256GB SSD$Rental period : 03-07-2019 to 03-07-2019 (1 Days)$', '$$000/98725$000/98725$$', '$-1$2$1$-1$-1', '$$1000$1080$$', '$$2000$1080$$', '3080', '0', '0', '33', 'Rupees : Thirteen Thousand Seventy Five  only', '', '$$1$2$$', '8000', '997.2', '997.2', '0', '13075', 'CUS2018090002', 'LANSON MOTORS PRIVATE LTD', 3),
('IN2019070005', '03-07-2019', '', '', '', 'CY3 ', 'FLY UNIVERSE\nOFFICE NO: 111, WORKAFELLA,\n 37, TTK ROAD, ALWARPET.\n CHENNAI - 600018\nGSTIN :33AAFFF3119A1Z7', '$Dc NO: DC2019075$DESKTOP CPU-I5 4GB RAM 256GB SSD$Rental period : 03-07-2019 to 03-07-2019 (1 Days)$$', '$$000/98725$$', '$-1$3$-1$-1', '$$1900$$', '$$5700$$', '5700', '0', '0', '33', 'Rupees : Seven Thousand Nine Hundred Six  only', '', '$$1$$', '1000', '603', '603', '0', '7906', 'CUS2018070004', 'FLY UNIVERSE', 5),
('IN2019070006', '03-07-2019', '', '', '', 'CY1 ', 'MAPOL BUSINESS SOLUTION PVT LTD\nNo: 109 and 110, 1ST FLOOR, CHAMIERS ROAD, TEYNAPET, CHENNAI-600018\nGSTIN :33AAJCM2998K1ZW', '$Dc NO: DC2019076$DESKTOP CPU-I5 4GB RAM 256GB SSD$Rental period : 03-07-2019 to 03-07-2019 (1 Days)$$', '$$000/98725$$', '$-1$1$-1$-1', '$$3000$$', '$$3000$$', '3000', '0', '0', '33', 'Rupees : Four Thousand Seven Hundred Twenty  only', '', '$$1$$', '1000', '360', '360', '0', '4720', 'CUS2018050001', 'MAPOL BUSINESS SOLUTION PVT LTD', 6),
('IN2019070006', '03-07-2019', '', '', '', 'CY1 ', 'MAPOL BUSINESS SOLUTION PVT LTD\nNo: 109 and 110, 1ST FLOOR, CHAMIERS ROAD, TEYNAPET, CHENNAI-600018\nGSTIN :33AAJCM2998K1ZW', '$Dc NO: DC2019076$DESKTOP CPU-I5 4GB RAM 256GB SSD$Rental period : 03-07-2019 to 03-07-2019 (1 Days)$$', '$$000/98725$$', '$-1$1$-1$-1', '$$3000$$', '$$3000$$', '3000', '0', '0', '33', 'Rupees : Four Thousand Seven Hundred Twenty  only', '', '$$1$$', '1000', '360', '360', '0', '4720', 'CUS2018050001', 'MAPOL BUSINESS SOLUTION PVT LTD', 7),
('IN2019070006', '03-07-2019', '', '', '', 'CY1 ', 'MAPOL BUSINESS SOLUTION PVT LTD\nNo: 109 and 110, 1ST FLOOR, CHAMIERS ROAD, TEYNAPET, CHENNAI-600018\nGSTIN :33AAJCM2998K1ZW', '$Dc NO: DC2019076$DESKTOP CPU-I5 4GB RAM 256GB SSD$Rental period : 03-07-2019 to 03-07-2019 (1 Days)$$', '$$000/98725$$', '$-1$1$-1$-1', '$$3000$$', '$$3000$$', '3000', '0', '0', '33', 'Rupees : Four Thousand Seven Hundred Twenty  only', '', '$$1$$', '1000', '360', '360', '0', '4720', 'CUS2018050001', 'MAPOL BUSINESS SOLUTION PVT LTD', 8),
('IN2019070009', '03-07-2019', '', '', '', 'CY1 ', 'MAPOL BUSINESS SOLUTION PVT LTD\nNo: 109 and 110, 1ST FLOOR, CHAMIERS ROAD, TEYNAPET, CHENNAI-600018\nGSTIN :33AAJCM2998K1ZW', '$Dc NO: DC2019077$DESKTOP CPU-I5 4GB RAM 256GB SSD$Rental period : 03-07-2019 to 03-07-2019 (1 Days)$$', '$$000/98725$$', '$-1$1$-1$-1', '$$100$$', '$$100$$', '100', '0', '0', '33', 'Rupees : Two Hundred and Thirty Six  only', '', '$$1$$', '100', '18', '18', '0', '236', 'CUS2018050001', 'MAPOL BUSINESS SOLUTION PVT LTD', 9),
('IN2019070010', '03-07-2019', '', '', '', 'CY1 ', 'MAPOL BUSINESS SOLUTION PVT LTD\nNo: 109 and 110, 1ST FLOOR, CHAMIERS ROAD, TEYNAPET, CHENNAI-600018\nGSTIN :33AAJCM2998K1ZW', '$Dc NO: DC2019078$DESKTOP CPU-I5 4GB RAM 256GB SSD$Rental period : 03-07-2019 to 03-07-2019 (1 Days)$', '$$000/98725$$', '$-1$1$-1$-1', '$$1000$$', '$$1000$$', '1000', '0', '0', '33', 'Rupees : Two Thousand Three Hundred Sixty  only', '', '$$1$$', '1000', '180', '180', '0', '2360', 'CUS2018050001', 'MAPOL BUSINESS SOLUTION PVT LTD', 10),
('IN2019070011', '03-07-2019', '', '', '', 'CY1 ', 'MAPOL BUSINESS SOLUTION PVT LTD\nNo: 109 and 110, 1ST FLOOR, CHAMIERS ROAD, TEYNAPET, CHENNAI-600018\nGSTIN :33AAJCM2998K1ZW', '$Dc NO: DC2019079$DESKTOP CPU-I5 4GB RAM 256GB SSD$Rental period : 03-07-2019 to 03-07-2019 (1 Days)$', '$$000/98725$$', '$-1$1$-1$-1', '$$2000$$', '$$2000$$', '2000', '0', '0', '33', 'Rupees : Two Thousand Four Hundred and Eighty Nine  only', '', '$$1$$', '109', '189.81', '189.81', '0', '2489', 'CUS2018050001', 'MAPOL BUSINESS SOLUTION PVT LTD', 11),
('IN2019070012', '03-07-2019', '', '', '', 'CY1 ', 'MAPOL BUSINESS SOLUTION PVT LTD\nNo: 109 and 110, 1ST FLOOR, CHAMIERS ROAD, TEYNAPET, CHENNAI-600018\nGSTIN :33AAJCM2998K1ZW', '$Dc NO: DC20190710$DESKTOP CPU-I5 4GB RAM 256GB SSD 22\" display$Rental period : 03-07-2019 to 03-07-2019 (1 Days)$', '$$000/98725$$', '$-1$1$-1$-1', '$$9000$$', '$$9000$$', '9000', '0', '0', '33', 'Rupees : Eleven Thousand Eight Hundred  only', '', '$$1$$', '1000', '900', '900', '0', '11800', 'CUS2018050001', 'MAPOL BUSINESS SOLUTION PVT LTD', 12),
('IN2019070013', '03-07-2019', '', '', '', 'SS1 ', 'MAPOL BUSINESS SOLUTION PVT LTD\nNo: 109 and 110, 1ST FLOOR, CHAMIERS ROAD, TEYNAPET, CHENNAI-600018\nGSTIN :33AAJCM2998K1ZW', '$Dc NO: DC20190711$I7 LENOVO THINKSTATION-I7 20TB HDD 32GB RAM$Rental period : 03-07-2019 to 03-07-2019 (1 Days)$just for fun', '$$98567/56787$$', '$-1$1$-1$-1', '$$4000$$', '$$4000$$', '4000', '0', '0', '33', 'Rupees : Five Thousand One Hundred and Ninety Two  only', '', '$$1$$', '400', '396', '396', '0', '5192', 'CUS2018050001', 'MAPOL BUSINESS SOLUTION PVT LTD', 13);

-- --------------------------------------------------------

--
-- Table structure for table `pay`
--

DROP TABLE IF EXISTS `pay`;
CREATE TABLE IF NOT EXISTS `pay` (
  `sno` int(200) NOT NULL AUTO_INCREMENT,
  `cuscode` varchar(100) NOT NULL,
  `iid` varchar(100) NOT NULL,
  `pamount` varchar(30) NOT NULL,
  `pdate` varchar(30) NOT NULL,
  `balance` varchar(300) NOT NULL,
  `ptype` varchar(100) DEFAULT NULL,
  `num` varchar(100) DEFAULT NULL,
  `paydate` varchar(100) DEFAULT NULL,
  PRIMARY KEY (`sno`)
) ENGINE=InnoDB DEFAULT CHARSET=utf8;

-- --------------------------------------------------------

--
-- Table structure for table `productcategory`
--

DROP TABLE IF EXISTS `productcategory`;
CREATE TABLE IF NOT EXISTS `productcategory` (
  `prodcatcode` varchar(20) NOT NULL,
  `prodcatname` varchar(300) NOT NULL,
  `status` varchar(10) NOT NULL,
  PRIMARY KEY (`prodcatcode`)
) ENGINE=InnoDB DEFAULT CHARSET=utf8;

--
-- Dumping data for table `productcategory`
--

INSERT INTO `productcategory` (`prodcatcode`, `prodcatname`, `status`) VALUES
('2L2019042045', '22\" LCD/LED MONITOR', 'active'),
('2L2019046377', '24\" LCD MONITOR', 'active'),
('AI2019046130', 'ALL IN ONE LASER PRINTER', 'active'),
('DC2019048785', 'DESKTOP CPU', 'active'),
('HD2019044762', 'HP DESKTOP', 'active'),
('HS2019042654', 'HP SERVER', 'active'),
('IL2019046934', 'I7 LENOVO THINKSTATION', 'active'),
('LP2019043765', 'LAPTOP', 'active'),
('X82019044364', 'XEON 8 SERVER', 'active');

-- --------------------------------------------------------

--
-- Table structure for table `promaster`
--

DROP TABLE IF EXISTS `promaster`;
CREATE TABLE IF NOT EXISTS `promaster` (
  `procode` varchar(300) NOT NULL,
  `prodcatname` varchar(300) NOT NULL,
  `prodesc` varchar(300) NOT NULL,
  `proconfig` varchar(300) NOT NULL,
  `serial` varchar(200) NOT NULL,
  `sgst` varchar(20) NOT NULL,
  `cgst` varchar(20) NOT NULL,
  `igst` varchar(20) NOT NULL,
  `hsncode` varchar(200) DEFAULT NULL,
  `saccode` varchar(200) DEFAULT NULL,
  `status` varchar(20) NOT NULL,
  `vtype` varchar(30) NOT NULL,
  `warranty` varchar(300) NOT NULL,
  `purrdate` varchar(30) DEFAULT NULL,
  `vencode` varchar(300) DEFAULT 'ss',
  `recno` varchar(30) DEFAULT NULL,
  `recdate` varchar(30) DEFAULT NULL,
  PRIMARY KEY (`serial`)
) ENGINE=InnoDB DEFAULT CHARSET=utf8;

--
-- Dumping data for table `promaster`
--

INSERT INTO `promaster` (`procode`, `prodcatname`, `prodesc`, `proconfig`, `serial`, `sgst`, `cgst`, `igst`, `hsncode`, `saccode`, `status`, `vtype`, `warranty`, `purrdate`, `vencode`, `recno`, `recdate`) VALUES
('PTC2019044889', 'DESKTOP CPU', 'I5 4GB RAM 256GB SSD', 'I54GB256SSD', 'CU001', '9', '9', '18', '000', '98725', 'RENTAL', 'DIRECT', 'N/A', '2019-04-17', 'SS', '', ''),
('PTC2019044889', 'DESKTOP CPU', 'I5 4GB RAM 256GB SSD', 'I54GB256SSD', 'CU002', '9', '9', '18', '000', '98725', 'RENTAL', 'DIRECT', 'N/A', '2019-04-17', 'SS', '', ''),
('PTC2019044889', 'DESKTOP CPU', 'I5 4GB RAM 256GB SSD', 'I54GB256SSD', 'CU003', '9', '9', '18', '000', '98725', 'RENTAL', 'DIRECT', 'N/A', '2019-04-17', 'SS', '', ''),
('PTC2019044889', 'DESKTOP CPU', 'I5 4GB RAM 256GB SSD', 'I54GB256SSD', 'CU004', '9', '9', '18', '000', '98725', 'RENTAL', 'DIRECT', 'N/A', '2019-04-17', 'SS', '', ''),
('PTC2019044889', 'DESKTOP CPU', 'I5 4GB RAM 256GB SSD', 'I54GB256SSD', 'CU005', '9', '9', '18', '000', '98725', 'RENTAL', 'DIRECT', 'N/A', '2019-04-17', 'SS', '', ''),
('PTC2019044889', 'DESKTOP CPU', 'I5 4GB RAM 256GB SSD', 'I54GB256SSD', 'CU006', '9', '9', '18', '000', '98725', 'RENTAL', 'DIRECT', 'N/A', '2019-04-17', 'SS', '', ''),
('PTC2019044889', 'DESKTOP CPU', 'I5 4GB RAM 256GB SSD', 'I54GB256SSD', 'CU007', '9', '9', '18', '000', '98725', 'RENTAL', 'DIRECT', 'N/A', '2019-04-17', 'SS', '', ''),
('PTC2019044889', 'DESKTOP CPU', 'I5 4GB RAM 256GB SSD', 'I54GB256SSD', 'CU008', '9', '9', '18', '000', '98725', 'RENTAL', 'DIRECT', 'N/A', '2019-04-17', 'SS', '', ''),
('PTC2019044889', 'DESKTOP CPU', 'I5 4GB RAM 256GB SSD', 'I54GB256SSD', 'CU009', '9', '9', '18', '000', '98725', 'RENTAL', 'DIRECT', 'N/A', '2019-04-17', 'SS', '', ''),
('PTC2019044889', 'DESKTOP CPU', 'I5 4GB RAM 256GB SSD', 'I54GB256SSD', 'CU010', '9', '9', '18', '000', '98725', 'RENTAL', 'DIRECT', 'N/A', '2019-04-17', 'SS', '', ''),
('PTC2019046820', 'DESKTOP CPU', 'I5 4GB RAM 256GB SSD', 'I54GB256SSD', 'CU011', '9', '9', '18', '000', '98725', 'RENTAL', 'RENTAL', 'N/A', '2019-04-17', 'CY2018060001', '123', '2019-04-17'),
('PTC2019046820', 'DESKTOP CPU', 'I5 4GB RAM 256GB SSD', 'I54GB256SSD', 'CU012', '9', '9', '18', '000', '98725', 'RENTAL', 'RENTAL', 'N/A', '2019-04-17', 'CY2018060001', '123', '2019-04-17'),
('PTC2019046820', 'DESKTOP CPU', 'I5 4GB RAM 256GB SSD', 'I54GB256SSD', 'CU013', '9', '9', '18', '000', '98725', 'RENTAL', 'RENTAL', 'N/A', '2019-04-17', 'CY2018060001', '123', '2019-04-17'),
('PTC2019046820', 'DESKTOP CPU', 'I5 4GB RAM 256GB SSD', 'I54GB256SSD', 'CU014', '9', '9', '18', '000', '98725', 'RENTAL', 'RENTAL', 'N/A', '2019-04-17', 'CY2018060001', '123', '2019-04-17'),
('PTC2019046820', 'DESKTOP CPU', 'I5 4GB RAM 256GB SSD', 'I54GB256SSD', 'CU015', '9', '9', '18', '000', '98725', 'RENTAL', 'RENTAL', 'N/A', '2019-04-17', 'CY2018060001', '123', '2019-04-17'),
('PTC2019046820', 'DESKTOP CPU', 'I5 4GB RAM 256GB SSD', 'I54GB256SSD', 'CU016', '9', '9', '18', '000', '98725', 'RENTAL', 'RENTAL', 'N/A', '2019-04-17', 'CY2018060001', '123', '2019-04-17'),
('PTC2019046820', 'DESKTOP CPU', 'I5 4GB RAM 256GB SSD', 'I54GB256SSD', 'CU017', '9', '9', '18', '000', '98725', 'RENTAL', 'RENTAL', 'N/A', '2019-04-17', 'CY2018060001', '123', '2019-04-17'),
('PTC2019046820', 'DESKTOP CPU', 'I5 4GB RAM 256GB SSD', 'I54GB256SSD', 'CU018', '9', '9', '18', '000', '98725', 'RENTAL', 'RENTAL', 'N/A', '2019-04-17', 'CY2018060001', '123', '2019-04-17'),
('PTC2019046820', 'DESKTOP CPU', 'I5 4GB RAM 256GB SSD', 'I54GB256SSD', 'CU019', '9', '9', '18', '000', '98725', 'REPAIR', 'RENTAL', 'N/A', '2019-04-17', 'CY2018060001', '123', '2019-04-17'),
('PTC2019046820', 'DESKTOP CPU', 'I5 4GB RAM 256GB SSD 22\" display', 'I54GB256SSD', 'CU020', '9', '9', '18', '000', '98725', 'RENTAL', 'RENTAL', 'N/A', '2019-04-17', 'CY2018060001', '123', '2019-04-17'),
('PTC2019053603', 'I7 LENOVO THINKSTATION', 'I7 20TB HDD 32GB RAM', 'I720TB32GB16GB', 'LT001', '9', '9', '18', '98567', '56787', 'RENTAL', 'DIRECT', 'N/A', '2019-05-11', 'SS', '', ''),
('PTC2019053603', 'I7 LENOVO THINKSTATION', 'I7 20TB HDD 32GB RAM', 'I720TB32GB16GB', 'LT002', '9', '9', '18', '98567', '56787', 'ACTIVE', 'DIRECT', 'N/A', '2019-05-11', 'SS', '', ''),
('PTC2019053603', 'I7 LENOVO THINKSTATION', 'I7 20TB HDD 32GB RAM', 'I720TB32GB16GB', 'LT003', '9', '9', '18', '98567', '56787', 'ACTIVE', 'DIRECT', 'N/A', '2019-05-11', 'SS', '', ''),
('PTC2019053603', 'I7 LENOVO THINKSTATION', 'I7 20TB HDD 32GB RAM', 'I720TB32GB16GB', 'LT004', '9', '9', '18', '98567', '56787', 'ACTIVE', 'DIRECT', 'N/A', '2019-05-11', 'SS', '', ''),
('PTC2019053603', 'I7 LENOVO THINKSTATION', 'I7 20TB HDD 32GB RAM', 'I720TB32GB16GB', 'LT005', '9', '9', '18', '98567', '56787', 'ACTIVE', 'DIRECT', 'N/A', '2019-05-11', 'SS', '', ''),
('PTC2019053603', 'I7 LENOVO THINKSTATION', 'I7 20TB HDD 32GB RAM 22\" display', 'I720TB32GB16GB', 'LT006', '9', '9', '18', '98567', '56787', 'ACTIVE', 'DIRECT', 'N/A', '2019-05-11', 'SS', '', ''),
('PTC2019053603', 'I7 LENOVO THINKSTATION', 'I7 20TB HDD 32GB RAM', 'I720TB32GB16GB', 'LT007', '9', '9', '18', '98567', '56787', 'ACTIVE', 'DIRECT', 'N/A', '2019-05-11', 'SS', '', ''),
('PTC2019053603', 'I7 LENOVO THINKSTATION', 'I7 20TB HDD 32GB RAM', 'I720TB32GB16GB', 'LT008', '9', '9', '18', '98567', '56787', 'ACTIVE', 'DIRECT', 'N/A', '2019-05-11', 'SS', '', ''),
('PTC2019053603', 'I7 LENOVO THINKSTATION', 'I7 20TB HDD 32GB RAM', 'I720TB32GB16GB', 'LT009', '9', '9', '18', '98567', '56787', 'ACTIVE', 'DIRECT', 'N/A', '2019-05-11', 'SS', '', ''),
('PTC2019053603', 'I7 LENOVO THINKSTATION', 'I7 20TB HDD 32GB RAM', 'I720TB32GB16GB', 'LT010', '9', '9', '18', '98567', '56787', 'ACTIVE', 'DIRECT', 'N/A', '2019-05-11', 'SS', '', ''),
('PTC2019041645', 'XEON 8 SERVER', '32GB RAM 10TB HDD  ', '32GB16GB10TB', 'XE001', '9', '9', '9', '000', '98712', 'ACTIVE', 'DIRECT', 'N/A', '2019-04-20', 'SS', '', ''),
('PTC2019041645', 'XEON 8 SERVER', '32GB RAM 10TB HDD  ', '32GB16GB10TB', 'XE002', '9', '9', '9', '000', '98712', 'ACTIVE', 'DIRECT', 'N/A', '2019-04-20', 'SS', '', ''),
('PTC2019041645', 'XEON 8 SERVER', '32GB RAM 10TB HDD  ', '32GB16GB10TB', 'XE003', '9', '9', '9', '000', '98712', 'ACTIVE', 'DIRECT', 'N/A', '2019-04-20', 'SS', '', ''),
('PTC2019041645', 'XEON 8 SERVER', '32GB RAM 10TB HDD  ', '32GB16GB10TB', 'XE004', '9', '9', '9', '000', '98712', 'ACTIVE', 'DIRECT', 'N/A', '2019-04-20', 'SS', '', '');

-- --------------------------------------------------------

--
-- Table structure for table `rep`
--

DROP TABLE IF EXISTS `rep`;
CREATE TABLE IF NOT EXISTS `rep` (
  `cuscode` varchar(300) NOT NULL,
  `tcode` varchar(300) NOT NULL,
  `serialin` varchar(300) NOT NULL,
  `serialout` varchar(300) NOT NULL,
  `slno` int(200) NOT NULL AUTO_INCREMENT,
  `flag` int(3) NOT NULL DEFAULT '0',
  `flag2` int(3) NOT NULL DEFAULT '0',
  `flag3` int(3) NOT NULL DEFAULT '0',
  PRIMARY KEY (`slno`)
) ENGINE=InnoDB DEFAULT CHARSET=utf8;

-- --------------------------------------------------------

--
-- Table structure for table `repdc`
--

DROP TABLE IF EXISTS `repdc`;
CREATE TABLE IF NOT EXISTS `repdc` (
  `dcno` varchar(150) NOT NULL,
  `cuscode` varchar(300) NOT NULL,
  `dctype` varchar(300) NOT NULL,
  `dcdate` varchar(300) NOT NULL,
  `serial` varchar(300) NOT NULL,
  `flag` varchar(100) NOT NULL DEFAULT '0',
  PRIMARY KEY (`dcno`)
) ENGINE=InnoDB DEFAULT CHARSET=utf8;

-- --------------------------------------------------------

--
-- Table structure for table `ticket`
--

DROP TABLE IF EXISTS `ticket`;
CREATE TABLE IF NOT EXISTS `ticket` (
  `serial` varchar(400) NOT NULL,
  `cuscode` varchar(400) NOT NULL,
  `cusname` varchar(400) NOT NULL,
  `msg` varchar(400) NOT NULL,
  `desc` varchar(400) NOT NULL,
  `type` varchar(400) NOT NULL,
  `flag` varchar(400) NOT NULL DEFAULT '1',
  `date` date NOT NULL,
  `slno` int(5) NOT NULL AUTO_INCREMENT,
  PRIMARY KEY (`slno`)
) ENGINE=InnoDB DEFAULT CHARSET=utf8;

-- --------------------------------------------------------

--
-- Table structure for table `trans`
--

DROP TABLE IF EXISTS `trans`;
CREATE TABLE IF NOT EXISTS `trans` (
  `dcno` varchar(100) NOT NULL,
  `cuscode` varchar(100) NOT NULL,
  `tcode` varchar(100) NOT NULL,
  `dcdate` varchar(100) NOT NULL,
  `intype` varchar(100) DEFAULT NULL,
  `rang` varchar(100) DEFAULT NULL,
  `dctype` varchar(100) NOT NULL,
  `orderby` varchar(100) DEFAULT NULL,
  `orderno` varchar(100) DEFAULT NULL,
  `daddress` varchar(200) DEFAULT NULL,
  `effdate` varchar(30) DEFAULT NULL,
  PRIMARY KEY (`dcno`)
) ENGINE=InnoDB DEFAULT CHARSET=utf8;

--
-- Dumping data for table `trans`
--

INSERT INTO `trans` (`dcno`, `cuscode`, `tcode`, `dcdate`, `intype`, `rang`, `dctype`, `orderby`, `orderno`, `daddress`, `effdate`) VALUES
('DC2019071', 'CUS2018050001', 'TRN2019078549', '2019-07-01', 'MONTHLY', '1', 'rental', '', '', 'No: 109 and 110, 1ST FLOOR, CHAMIERS ROAD, TEYNAPET, CHENNAI-600018', '2019-08-01'),
('DC20190710', 'CUS2018050001', 'TRN2019079859', '2019-07-03', 'DAILY', '1', 'rental', '', '', 'No: 109 and 110, 1ST FLOOR, CHAMIERS ROAD, TEYNAPET, CHENNAI-600018', '0000-00-00'),
('DC20190711', 'CUS2018050001', 'TRN2019071947', '2019-07-03', 'DAILY', '1', 'rental', '', '', 'No: 109 and 110, 1ST FLOOR, CHAMIERS ROAD, TEYNAPET, CHENNAI-600018', '0000-00-00'),
('DC2019072', 'CUS2018070003', 'TRN2019074966', '2019-07-03', 'DAILY', '1', 'rental', '', '', '#63/37, 2ND FLOOR, \n ARCOT ROAD,\n KODAMBAKKAM', '0000-00-00'),
('DC2019073', 'CUS2018090002', 'TRN2019074335', '2019-07-03', 'DAILY', '1', 'rental', '', '', 'NO. 34 POONAMALLE HIGH ROAD						KOYAMBEDU, CHENNAI-600107', '0000-00-00'),
('DC2019074', 'CUS2018060002', 'TRN2019075056', '2019-07-03', 'DAILY', '1', 'rental', '', '', '#1076 L, 57TH STREET, TVS COLONY, ANNA NAGAR WEST EXTENSION, NEAR CHENNAI PUBLIC SCHOOL, CHENNAI - 600101.', '0000-00-00'),
('DC2019075', 'CUS2018070004', 'TRN2019079681', '2019-07-03', 'DAILY', '1', 'rental', '', '', 'OFFICE NO: 111, WORKAFELLA,\n 37, TTK ROAD, ALWARPET.\n CHENNAI - 600018', '0000-00-00'),
('DC2019076', 'CUS2018050001', 'TRN2019071654', '2019-07-03', 'DAILY', '1', 'rental', '', '', 'No: 109 and 110, 1ST FLOOR, CHAMIERS ROAD, TEYNAPET, CHENNAI-600018', '0000-00-00'),
('DC2019077', 'CUS2018050001', 'TRN2019074399', '2019-07-03', 'DAILY', '1', 'rental', '', '', 'No: 109 and 110, 1ST FLOOR, CHAMIERS ROAD, TEYNAPET, CHENNAI-600018', '0000-00-00'),
('DC2019078', 'CUS2018050001', 'TRN2019077477', '2019-07-03', 'DAILY', '1', 'rental', '', '', 'No: 109 and 110, 1ST FLOOR, CHAMIERS ROAD, TEYNAPET, CHENNAI-600018', '0000-00-00'),
('DC2019079', 'CUS2018050001', 'TRN2019074176', '2019-07-03', 'DAILY', '1', 'rental', '', '', 'No: 109 and 110, 1ST FLOOR, CHAMIERS ROAD, TEYNAPET, CHENNAI-600018', '0000-00-00');

-- --------------------------------------------------------

--
-- Table structure for table `venmaster`
--

DROP TABLE IF EXISTS `venmaster`;
CREATE TABLE IF NOT EXISTS `venmaster` (
  `vencode` varchar(20) NOT NULL,
  `vendorname` varchar(25) NOT NULL,
  `address1` varchar(200) NOT NULL,
  `address2` varchar(200) NOT NULL,
  `city` varchar(25) NOT NULL,
  `state` varchar(30) NOT NULL,
  `pincode` varchar(15) NOT NULL,
  `phone` varchar(15) NOT NULL,
  `mobile` varchar(15) NOT NULL,
  `gstno` varchar(30) NOT NULL,
  `email` varchar(300) NOT NULL,
  `status` varchar(30) NOT NULL,
  PRIMARY KEY (`vencode`)
) ENGINE=InnoDB DEFAULT CHARSET=latin1;

--
-- Dumping data for table `venmaster`
--

INSERT INTO `venmaster` (`vencode`, `vendorname`, `address1`, `address2`, `city`, `state`, `pincode`, `phone`, `mobile`, `gstno`, `email`, `status`) VALUES
('BI2018120002', 'BALAJI INFOTECH SYSTEM', 'WEST MAMBALAM', 'WEST MAMBALAM', 'CHENNAI', '', '600033', '', '9841034666', '', 'BIS@GMAIL.COM', 'ACTIVE'),
('CY2018060001', 'CYBORG INFOTECH', '#8, GROUND FLOOR, \"REAL REGENCY\" #233/102. PYCROFTS ROAD, ROYAPETTAH, CHENNAI - 600014.', '#8, GROUND FLOOR, \"REAL REGENCY\" #233/102. PYCROFTS ROAD, ROYAPETTAH, CHENNAI - 600014.', 'CHENNAI', '', '600014', '', '9840103366', '', 'CYBORG13INFOTECH@GMAIL.COM', 'ACTIVE'),
('PP2018120001', 'PREMIER PRINTER', 'NO:46/37, 1ST MAIN ROAD, 1ST STREET, EKKATTUTHANGAL, CHENNAI - 600032', 'NO:46/37, 1ST MAIN ROAD, 1ST STREET, EKKATTUTHANGAL, CHENNAI - 600032', 'CHENNAI', '', '600032', '', '9940621128', '', 'WINTEC@GMAIL.COM', 'ACTIVE'),
('SS2018050001', 'SKOPSYS', '#8, \"REAL REGENCY\", #102, PYCROFTS ROAD, ROYAPETTAH, CHENNAI - 600014', '#8, \"REAL REGENCY\", #102, PYCROFTS ROAD, ROYAPETTAH, CHENNAI - 600014', 'CHENNAI', '', '600014', '', '9840896978', '', 'SRIDHAR@SKOPSYS.IN', 'ACTIVE'),
('VC2018070001', 'V CARE BALAJI', 'T.NAGAR', 'T.NAGAR', 'CHENNAI', '', '600017', '', '9840774484', '', 'VCBALAJI@GMAIL.COM', 'ACTIVE'),
('WN2018080001', 'WIN TECHNOLOGIES', '#18, MOOSA STREET, T.NAGAR, CHENNAI - 600017', '#18, MOOSA STREET, T.NAGAR, CHENNAI - 600017', 'CHENNAI', '', '600017', '', '9840084093', '', 'WINTECHNOLOGIES@VSNL.NET, WIN@WINTECHNOLOGIES.CO.IN', 'ACTIVE');
--
-- Database: `snakegame`
--
DROP DATABASE IF EXISTS `snakegame`;
CREATE DATABASE IF NOT EXISTS `snakegame` DEFAULT CHARACTER SET latin1 COLLATE latin1_swedish_ci;
USE `snakegame`;

-- --------------------------------------------------------

--
-- Table structure for table `moves`
--

DROP TABLE IF EXISTS `moves`;
CREATE TABLE IF NOT EXISTS `moves` (
  `gid` int(3) DEFAULT NULL,
  `id1` int(3) DEFAULT NULL,
  `d1` int(3) DEFAULT NULL,
  `l1` int(3) DEFAULT NULL,
  `headx1` int(3) DEFAULT NULL,
  `heady1` int(3) DEFAULT NULL,
  `nmove1` int(3) DEFAULT NULL,
  `id2` int(3) DEFAULT NULL,
  `d2` int(3) DEFAULT NULL,
  `l2` int(3) DEFAULT NULL,
  `headx2` int(3) DEFAULT NULL,
  `heady2` int(3) DEFAULT NULL,
  `nmove2` int(3) DEFAULT NULL,
  `dixs` int(3) DEFAULT NULL,
  `diys` int(3) DEFAULT NULL,
  `dix1f` int(3) DEFAULT NULL,
  `diy1f` int(3) DEFAULT NULL
) ENGINE=InnoDB DEFAULT CHARSET=latin1;

--
-- Dumping data for table `moves`
--

INSERT INTO `moves` (`gid`, `id1`, `d1`, `l1`, `headx1`, `heady1`, `nmove1`, `id2`, `d2`, `l2`, `headx2`, `heady2`, `nmove2`, `dixs`, `diys`, `dix1f`, `diy1f`) VALUES
(1, 3, 38, 3, 18, 15, 39, 0, 37, 3, 19, 30, 37, 1, 15, 10, 30),
(1, 3, 39, 3, 13, 15, 40, 0, 37, 3, 19, 25, 37, 6, 10, 15, 30),
(1, 3, 40, 3, 13, 25, 40, 0, 37, 3, 19, 15, 40, 6, 10, 15, 20),
(1, 4, 40, 3, 19, 6, 39, 3, 40, 3, 21, 25, 40, 2, 19, 9, 39),
(1, 4, 39, 3, 26, 6, 37, 3, 40, 3, 28, 25, 39, 2, 19, 2, 39),
(1, 3, 37, 3, 14, 25, 40, 4, 39, 3, 26, 27, 39, 12, 2, 14, 20),
(1, 3, 40, 3, 14, 23, 40, 4, 39, 3, 26, 29, 40, 12, 6, 14, 22),
(1, 4, 40, 3, 26, 45, 37, 3, 40, 3, 28, 23, 40, 2, 22, 2, 0),
(1, 4, 37, 4, 31, 45, 37, 3, 40, 3, 33, 23, 37, 2, 22, 4, 30),
(1, 3, 37, 3, 11, 23, 40, 4, 37, 4, 31, 33, 37, 20, 10, 24, 8),
(1, 3, 40, 3, 11, 1, 39, 4, 37, 4, 31, 11, 37, 20, 10, 24, 14),
(1, 3, 39, 4, 18, 1, 38, 4, 37, 4, 31, 4, 39, 13, 3, 12, 13),
(1, 4, 38, 4, 31, 38, 38, 3, 39, 4, 18, 12, 38, 13, 26, 25, 24),
(1, 3, 38, 4, 18, 17, 37, 4, 38, 4, 27, 38, 38, 9, 21, 12, 3),
(1, 3, 37, 4, 15, 17, 38, 4, 38, 4, 24, 38, 38, 9, 21, 9, 3),
(1, 3, 38, 4, 15, 14, 39, 4, 38, 4, 21, 38, 38, 6, 24, 9, 0),
(1, 3, 39, 5, 5, 14, 38, 4, 38, 4, 11, 38, 38, 6, 24, 1, 21),
(1, 3, 38, 5, 5, 21, 39, 4, 38, 4, 4, 38, 38, 1, 17, 2, 5),
(1, 3, 39, 5, 4, 21, 38, 4, 38, 4, 3, 38, 38, 1, 17, 1, 5),
(1, 3, 38, 5, 4, 26, 39, 4, 38, 4, 34, 38, 38, 30, 12, 1, 0),
(1, 3, 39, 6, 34, 26, 40, 4, 38, 4, 28, 38, 38, 6, 12, 2, 9),
(1, 3, 40, 6, 34, 38, 39, 4, 38, 4, 16, 38, 38, 18, 0, 2, 21),
(1, 3, 39, 6, 6, 38, 37, 4, 38, 4, 8, 38, 39, 2, 0, 26, 21),
(1, 4, 37, 4, 13, 38, 38, 3, 39, 3, 6, 22, 39, 7, 16, 19, 21),
(1, 4, 38, 4, 13, 35, 39, 3, 39, 3, 6, 25, 38, 7, 10, 19, 18),
(1, 3, 39, 3, 6, 32, 40, 4, 38, 4, 7, 35, 38, 1, 3, 26, 15),
(1, 3, 40, 3, 6, 33, 39, 4, 38, 7, 6, 35, 38, 0, 2, 24, 9),
(1, 3, 39, 3, 16, 33, 40, 4, 38, 7, 32, 35, 38, 16, 2, 9, 17),
(1, 3, 40, 3, 16, 38, 37, 4, 38, 7, 27, 35, 38, 11, 3, 9, 22),
(1, 3, 37, 3, 19, 38, 38, 4, 38, 7, 24, 35, 37, 5, 3, 12, 22),
(0, 1, 38, 3, 18, 29, 39, -1, 38, 4, 17, 42, 38, 1, 13, 19, 30),
(0, 1, 39, 3, 14, 29, 38, -1, 38, 4, 13, 42, 38, 1, 13, 15, 30),
(0, 1, 38, 3, 14, 30, 37, -1, 38, 4, 12, 42, 37, 2, 12, 15, 31),
(0, 1, 37, 4, 7, 30, 38, -1, 37, 4, 7, 40, 37, 0, 10, 8, 31),
(0, 1, 38, 4, 7, 22, 39, -1, 37, 4, 7, 32, 40, 0, 10, 8, 23),
(0, 1, 39, 4, 4, 22, 40, -1, 40, 4, 8, 30, 40, 4, 8, 5, 23),
(0, 1, 40, 4, 4, 28, 39, -1, 40, 4, 12, 32, 40, 8, 4, 5, 29),
(0, 1, 39, 4, 18, 28, 40, -1, 40, 4, 26, 32, 40, 8, 4, 19, 29),
(0, 1, 40, 4, 18, 32, 39, -1, 40, 4, 30, 32, 40, 12, 0, 19, 33),
(0, 1, 39, 4, 32, 32, 38, -1, 40, 4, 8, 32, 40, 24, 0, 33, 33),
(0, 1, 38, 5, 32, 42, 37, -1, 40, 4, 18, 32, 40, 14, 10, 33, 43),
(0, 1, 37, 5, 29, 42, 38, -1, 40, 4, 21, 32, 38, 8, 10, 30, 43),
(0, 1, 38, 5, 29, 12, 39, -1, 38, 5, 19, 10, 38, 10, 2, 30, 13),
(0, 1, 39, 5, 23, 12, 38, -1, 38, 5, 13, 10, 38, 10, 2, 24, 13),
(0, 1, 38, 5, 23, 15, 39, -1, 38, 5, 10, 10, 39, 13, 5, 24, 16),
(0, 1, 39, 5, 13, 15, 38, -1, 39, 5, 7, 17, 39, 6, 2, 14, 16),
(0, 1, 38, 5, 13, 19, 39, -1, 39, 5, 7, 21, 39, 6, 2, 14, 20),
(0, 1, 39, 5, 8, 19, 40, -1, 39, 5, 7, 26, 40, 1, 7, 9, 20),
(0, 1, 40, 5, 8, 28, 39, -1, 40, 6, 15, 27, 40, 7, 1, 9, 29),
(0, 1, 39, 5, 20, 28, 40, -1, 40, 6, 27, 27, 40, 7, 1, 21, 29),
(0, 1, 40, 5, 20, 29, 37, -1, 40, 6, 28, 27, 37, 8, 2, 21, 30),
(0, 1, 37, 5, 27, 29, 40, -1, 37, 6, 32, 24, 37, 5, 5, 28, 30),
(0, 1, 40, 5, 27, 18, 38, -1, 37, 7, 32, 13, 38, 5, 5, 28, 19),
(0, 1, 38, 5, 32, 18, 40, -1, 38, 7, 27, 13, 37, 5, 5, 33, 19),
(1, 2, 38, 3, 18, 14, 39, -1, 37, 3, 12, 38, 37, 6, 24, 19, 15),
(1, 2, 39, 3, 12, 14, 38, -1, 37, 3, 12, 32, 37, 0, 18, 13, 15),
(1, 2, 38, 4, 12, 19, 39, -1, 37, 3, 12, 27, 37, 0, 8, 13, 20),
(1, 2, 39, 4, 9, 19, 40, -1, 37, 3, 12, 24, 37, 3, 5, 10, 20),
(1, 2, 40, 4, 9, 22, 39, -1, 37, 3, 12, 21, 39, 3, 1, 10, 23),
(1, 2, 39, 4, 22, 22, 38, -1, 39, 3, 13, 21, 39, 9, 1, 23, 23),
(1, 2, 38, 4, 22, 26, 39, -1, 39, 3, 13, 25, 40, 9, 1, 23, 27),
(1, 2, 39, 4, 19, 26, 40, -1, 40, 3, 14, 27, 40, 5, 1, 20, 27),
(1, 2, 40, 4, 19, 34, 39, -1, 40, 3, 22, 27, 40, 3, 7, 20, 35),
(1, 2, 39, 4, 32, 34, 40, -1, 40, 3, 35, 27, 40, 3, 7, 33, 35),
(1, 2, 40, 4, 32, 43, 39, -1, 40, 3, 8, 27, 40, 24, 16, 33, 44),
(1, 2, 39, 5, 9, 43, 40, -1, 40, 3, 21, 27, 40, 12, 16, 10, 44),
(1, 2, 40, 5, 9, 1, 39, -1, 40, 3, 25, 27, 37, 16, 26, 10, 2),
(1, 2, 39, 5, 21, 1, 40, -1, 37, 3, 26, 16, 38, 5, 15, 22, 2),
(1, 2, 40, 5, 21, 9, 39, -1, 38, 4, 22, 12, 38, 1, 3, 22, 10),
(1, 2, 39, 5, 23, 9, 38, -1, 38, 4, 20, 12, 38, 3, 3, 24, 10),
(1, 2, 38, 5, 23, 13, 39, -1, 38, 4, 16, 12, 39, 7, 1, 24, 14),
(1, 2, 39, 5, 19, 13, 38, -1, 39, 5, 15, 15, 39, 4, 2, 20, 14),
(1, 2, 38, 5, 19, 15, 39, -1, 39, 5, 15, 17, 39, 4, 2, 20, 16),
(1, 2, 39, 5, 13, 15, 40, -1, 39, 5, 15, 23, 40, 2, 8, 14, 16),
(1, 2, 40, 5, 13, 20, 39, -1, 40, 5, 16, 27, 40, 3, 7, 14, 21),
(1, 2, 39, 5, 23, 20, 40, -1, 40, 5, 26, 27, 40, 3, 7, 24, 21),
(1, 2, 40, 5, 23, 29, 37, -1, 40, 6, 35, 27, 38, 12, 2, 24, 30),
(1, 2, 37, 5, 30, 29, 38, -1, 38, 6, 29, 26, 38, 1, 3, 31, 30),
(1, 2, 38, 5, 30, 21, 37, -1, 38, 4, 23, 24, 38, 7, 3, 31, 22),
(1, 2, 37, 5, 7, 21, 38, -1, 38, 4, 5, 19, 37, 2, 2, 8, 22),
(1, 2, 38, 5, 7, 15, 37, -1, 37, 4, 5, 13, 37, 2, 2, 8, 16),
(1, 2, 37, 5, 3, 15, 40, -1, 37, 4, 5, 9, 39, 2, 6, 4, 16),
(1, 2, 40, 5, 3, 5, 39, -1, 39, 5, 6, 6, 39, 3, 1, 4, 6),
(1, 2, 39, 5, 4, 5, 40, -1, 39, 5, 6, 7, 39, 2, 2, 5, 6),
(1, 2, 40, 5, 4, 14, 39, -1, 39, 5, 6, 16, 39, 2, 2, 5, 15),
(1, 2, 39, 5, 9, 14, 40, -1, 39, 4, 6, 21, 40, 3, 7, 10, 15),
(1, 2, 40, 5, 9, 21, 39, -1, 40, 4, 12, 22, 40, 3, 1, 10, 22),
(1, 2, 39, 5, 12, 21, 40, -1, 40, 4, 15, 22, 40, 3, 1, 13, 22),
(1, 2, 40, 5, 12, 25, 37, -1, 40, 4, 19, 22, 39, 7, 3, 13, 26),
(1, 2, 37, 5, 32, 25, 38, -1, 39, 5, 29, 26, 39, 3, 1, 33, 26),
(1, 2, 38, 5, 32, 20, 39, -1, 39, 5, 29, 31, 39, 3, 11, 33, 21),
(1, 2, 39, 5, 30, 20, 38, -1, 39, 6, 29, 33, 38, 1, 13, 31, 21),
(1, 2, 38, 5, 30, 35, 39, -1, 38, 6, 14, 33, 39, 16, 2, 31, 36),
(1, 2, 39, 5, 24, 35, 38, -1, 39, 6, 14, 39, 37, 10, 4, 25, 36),
(1, 2, 38, 5, 24, 40, 37, -1, 37, 7, 13, 41, 37, 11, 1, 25, 41),
(1, 2, 37, 5, 20, 40, 38, -1, 37, 7, 13, 37, 38, 7, 3, 21, 41),
(1, 2, 38, 5, 20, 31, 37, -1, 38, 8, 9, 32, 37, 11, 1, 21, 32),
(1, 2, 37, 5, 16, 31, 38, -1, 37, 8, 7, 30, 37, 9, 1, 17, 32),
(1, 2, 38, 5, 16, 25, 37, -1, 37, 8, 7, 24, 38, 9, 1, 17, 26),
(1, 2, 37, 5, 6, 25, 40, -1, 38, 9, 5, 16, 40, 1, 9, 7, 26),
(1, 2, 40, 5, 6, 7, 37, -1, 40, 8, 18, 11, 40, 12, 4, 7, 8),
(1, 2, 37, 5, 10, 7, 40, -1, 40, 8, 22, 11, 40, 12, 4, 11, 8),
(1, 2, 40, 5, 10, 4, 37, -1, 40, 8, 25, 11, 40, 15, 7, 11, 5),
(1, 2, 37, 5, 13, 4, 40, -1, 40, 8, 28, 11, 39, 15, 7, 14, 5),
(1, 2, 40, 5, 13, 16, 39, -1, 39, 9, 16, 11, 39, 3, 5, 14, 17),
(1, 2, 39, 6, 26, 16, 38, -1, 39, 9, 17, 23, 38, 9, 7, 27, 17),
(2, 3, 38, 3, 18, 35, 37, -1, 40, 4, 6, 33, 40, 12, 2, 19, 36),
(2, 3, 37, 3, 12, 35, 40, -1, 40, 4, 12, 33, 40, 0, 2, 13, 36),
(3, 4, 38, 3, 18, 16, 39, -1, 37, 3, 15, 33, 37, 3, 17, 19, 17),
(3, 4, 39, 3, 16, 16, 38, -1, 37, 3, 15, 31, 37, 1, 15, 17, 17),
(3, 4, 38, 3, 16, 22, 37, -1, 37, 3, 15, 25, 37, 1, 3, 17, 23),
(3, 4, 37, 3, 9, 22, 40, -1, 37, 3, 14, 19, 37, 5, 3, 10, 23),
(3, 4, 40, 3, 9, 17, 39, -1, 37, 3, 14, 14, 37, 5, 3, 10, 18),
(3, 4, 39, 3, 15, 17, 38, -1, 37, 3, 14, 8, 38, 1, 9, 16, 18),
(3, 4, 38, 4, 15, 24, 37, -1, 38, 3, 9, 6, 38, 6, 18, 16, 25),
(3, 4, 37, 4, 9, 24, 38, -1, 38, 3, 3, 6, 39, 6, 18, 10, 25),
(3, 4, 38, 4, 9, 15, 39, -1, 39, 4, 3, 15, 38, 6, 0, 10, 16),
(3, 4, 39, 4, 2, 15, -1, -1, 38, 2, 6, 15, -1, 4, 0, 3, 16),
(4, 5, 40, 3, 18, 14, 39, -1, 37, 3, 29, 41, 37, 11, 27, 19, 15),
(4, 5, 39, 3, 23, 14, 40, -1, 37, 3, 29, 36, 37, 6, 22, 24, 15),
(4, 5, 40, 3, 23, 29, 37, -1, 37, 4, 25, 25, 37, 2, 4, 24, 30),
(4, 5, 37, 3, 26, 29, 38, -1, 37, 4, 24, 23, 37, 2, 6, 27, 30),
(4, 5, 38, 3, 26, 26, 37, -1, 37, 4, 22, 22, 38, 4, 4, 27, 27),
(4, 5, 37, 3, 13, 26, 38, -1, 38, 4, 11, 20, 38, 2, 6, 14, 27),
(4, 5, 38, 3, 13, 25, 37, -1, 38, 4, 10, 20, 37, 3, 5, 14, 26),
(4, 5, 37, 4, 2, 25, 40, -1, 37, 4, 9, 10, 39, 7, 15, 3, 26),
(4, 5, 40, 4, 2, 17, 39, -1, 39, 5, 11, 12, 40, 9, 5, 3, 18),
(4, 5, 39, 4, 17, 17, 40, -1, 40, 4, 18, 20, 40, 1, 3, 18, 18),
(4, 5, 40, 4, 17, 22, 37, -1, 40, 4, 23, 20, 40, 6, 2, 18, 23),
(4, 5, 37, 4, 19, 22, 40, -1, 40, 4, 25, 20, 37, 6, 2, 20, 23),
(4, 5, 40, 5, 19, 18, 39, -1, 37, 4, 28, 19, 38, 9, 1, 20, 19),
(4, 5, 39, 5, 25, 18, -1, -1, 38, 2, 23, 18, -1, 2, 0, 26, 19),
(5, 6, 40, 3, 18, 7, 37, -1, 40, 3, 24, 43, 37, 6, 36, 19, 8),
(5, 6, 37, 3, 28, 7, 38, -1, 37, 3, 28, 37, 37, 0, 30, 29, 8),
(5, 6, 38, 4, 28, 36, 39, -1, 37, 3, 28, 20, 37, 0, 16, 29, 37),
(5, 6, 39, 4, 22, 36, 38, -1, 37, 3, 28, 14, 38, 6, 22, 23, 37),
(5, 6, 38, 4, 22, 4, 39, -1, 38, 3, 27, 1, 38, 5, 3, 23, 5),
(5, 6, 39, 4, 20, 4, 40, -1, 38, 3, 25, 1, 38, 5, 3, 21, 5),
(5, 6, 40, 4, 20, 8, 37, -1, 38, 3, 21, 1, 37, 1, 7, 21, 9),
(5, 6, 37, 5, 25, 8, 40, -1, 37, 3, 21, 42, 37, 4, 34, 26, 9),
(5, 6, 40, 5, 25, 37, 39, -1, 37, 3, 21, 25, 39, 4, 12, 26, 38),
(5, 6, 39, 6, 34, 37, 38, -1, 39, 3, 23, 30, 39, 11, 7, 35, 38),
(5, 6, 38, 6, 34, 41, 37, -1, 39, 3, 23, 34, 39, 11, 7, 35, 42),
(5, 6, 37, 6, 21, 41, 40, -1, 39, 3, 23, 1, 40, 2, 40, 22, 42),
(5, 6, 40, 6, 21, 17, 37, -1, 40, 3, 33, 15, 37, 12, 2, 22, 18),
(5, 6, 37, 6, 28, 17, -1, -1, 37, 3, 29, 14, -1, 1, 3, 29, 18),
(6, 7, 40, 3, 18, 11, 39, -1, 37, 3, 21, 36, 37, 3, 25, 19, 12),
(6, 7, 39, 4, 21, 11, 38, -1, 37, 3, 21, 33, 37, 0, 22, 22, 12),
(6, 7, 38, 4, 21, 21, 39, -1, 37, 3, 21, 23, 37, 0, 2, 22, 22),
(6, 7, 39, 4, 19, 21, 40, -1, 37, 3, 21, 21, 40, 2, 0, 20, 22),
(6, 7, 40, 4, 19, 24, 37, -1, 40, 3, 21, 18, 37, 2, 6, 20, 25),
(6, 7, 37, 4, 22, 24, 38, -1, 37, 3, 22, 16, 37, 0, 8, 23, 25),
(7, 8, 38, 3, 18, 18, 39, -1, 37, 3, 5, 41, 37, 13, 23, 19, 19),
(7, 8, 39, 3, 13, 18, 38, -1, 37, 3, 5, 36, 37, 8, 18, 14, 19),
(7, 8, 38, 3, 13, 19, 39, -1, 37, 3, 5, 35, 37, 8, 16, 14, 20),
(7, 8, 39, 4, 5, 19, 38, -1, 37, 3, 5, 27, 37, 0, 8, 6, 20),
(7, 8, 38, 4, 5, 22, 39, -1, 37, 3, 5, 24, 37, 0, 2, 6, 23),
(7, 8, 39, 4, 1, 22, 40, -1, 37, 3, 5, 20, 40, 4, 2, 2, 23),
(7, 8, 40, 4, 1, 26, 37, -1, 40, 3, 8, 19, 40, 7, 7, 2, 27),
(7, 8, 37, 4, 8, 26, 40, -1, 40, 3, 15, 19, 40, 7, 7, 9, 27),
(7, 8, 40, 4, 8, 18, 37, -1, 40, 3, 23, 19, 37, 15, 1, 9, 19),
(7, 8, 37, 4, 12, 18, 38, -1, 37, 3, 24, 16, 38, 12, 2, 13, 19),
(7, 8, 38, 4, 12, 36, 39, -1, 38, 4, 13, 45, 38, 1, 9, 13, 37),
(7, 8, 39, 4, 11, 36, 38, -1, 38, 4, 12, 45, 38, 1, 9, 12, 37),
(7, 8, 38, 4, 11, 42, 37, -1, 38, 4, 6, 45, 39, 5, 3, 12, 43),
(7, 8, 37, 4, 2, 42, 40, -1, 39, 4, 6, 8, 39, 4, 34, 3, 43),
(7, 8, 40, 4, 2, 25, 39, -1, 39, 5, 6, 25, 40, 4, 0, 3, 26),
(7, 8, 39, 4, 10, 25, 40, -1, 40, 4, 8, 31, 40, 2, 6, 11, 26),
(7, 8, 40, 4, 10, 33, 37, -1, 40, 4, 15, 30, 40, 5, 3, 11, 34),
(7, 8, 37, 4, 12, 33, 40, -1, 40, 4, 17, 30, 40, 5, 3, 13, 34),
(7, 8, 40, 4, 12, 30, 37, -1, 40, 4, 20, 30, 40, 8, 0, 13, 31),
(7, 8, 37, 4, 18, 30, 40, -1, 40, 4, 26, 30, 37, 8, 0, 19, 31),
(7, 8, 40, 4, 18, 19, 37, -1, 37, 4, 29, 22, 37, 11, 3, 19, 20),
(7, 8, 37, 4, 30, 19, 38, -1, 37, 4, 29, 10, 38, 1, 9, 31, 20),
(7, 8, 38, 5, 30, 10, 39, -1, 38, 4, 25, 5, 38, 5, 5, 31, 11),
(7, 8, 39, 5, 28, 10, 38, -1, 38, 4, 23, 5, 38, 5, 5, 29, 11),
(7, 8, 38, 5, 28, 14, 39, -1, 38, 4, 19, 5, 39, 9, 9, 29, 15),
(7, 8, 39, 5, 33, 14, 38, -1, 39, 4, 2, 19, 40, 31, 5, 34, 15),
(7, 8, 38, 5, 33, 33, 37, -1, 40, 5, 9, 31, 40, 24, 2, 34, 34),
(7, 8, 37, 5, 31, 33, 38, -1, 40, 5, 11, 31, 40, 20, 2, 32, 34),
(7, 8, 38, 5, 31, 27, 39, -1, 40, 5, 17, 31, 40, 14, 4, 32, 28),
(7, 8, 39, 5, 24, 27, 40, -1, 40, 5, 24, 31, 37, 0, 4, 25, 28),
(7, 8, 40, 5, 24, 34, 37, -1, 37, 4, 28, 28, 37, 4, 6, 25, 35),
(7, 8, 37, 5, 26, 34, 38, -1, 37, 4, 28, 26, 37, 2, 8, 27, 35),
(7, 8, 38, 6, 26, 8, 37, -1, 37, 4, 22, 6, 38, 4, 2, 27, 9),
(7, 8, 37, 6, 20, 8, 38, -1, 38, 4, 19, 3, 39, 1, 5, 21, 9),
(7, 8, 38, 6, 20, 4, 39, -1, 39, 4, 16, 4, 39, 4, 0, 21, 5),
(7, 8, 39, 6, 14, 4, 38, -1, 39, 4, 15, 9, 39, 1, 5, 15, 5),
(7, 8, 38, 6, 14, 26, 37, -1, 39, 4, 15, 31, 39, 1, 5, 15, 27),
(7, 8, 37, 6, 10, 26, 40, -1, 39, 4, 15, 35, 39, 5, 9, 11, 27),
(7, 8, 40, 6, 10, 25, 39, -1, 39, 4, 15, 36, 38, 5, 11, 11, 26),
(7, 8, 39, 7, 17, 25, 38, -1, 38, 4, 11, 39, 37, 6, 14, 18, 26),
(7, 8, 38, 7, 17, 31, 38, -1, 37, 4, 7, 37, 37, 10, 6, 18, 32),
(8, 9, 40, 3, 18, 9, 39, -1, 40, 3, 26, 43, 37, 8, 34, 19, 10),
(8, 9, 39, 3, 24, 9, 40, -1, 37, 3, 26, 37, 37, 2, 28, 25, 10),
(8, 9, 40, 3, 24, 15, 39, -1, 37, 3, 26, 31, 37, 2, 16, 25, 16),
(8, 9, 39, 4, 27, 15, 38, -1, 37, 3, 26, 28, 37, 1, 13, 28, 16),
(8, 9, 38, 4, 27, 23, 37, -1, 37, 3, 26, 20, 37, 1, 3, 28, 24),
(8, 9, 37, 4, 25, 23, 38, -1, 37, 3, 26, 18, 38, 1, 5, 26, 24),
(8, 9, 38, 4, 25, 10, 39, -1, 38, 3, 21, 18, 38, 4, 8, 26, 11),
(8, 9, 39, 4, 24, 10, 38, -1, 38, 3, 20, 18, 38, 4, 8, 25, 11),
(8, 9, 38, 4, 24, 13, 37, -1, 38, 3, 17, 18, 37, 7, 5, 25, 14),
(8, 9, 37, 4, 12, 13, 38, -1, 37, 3, 9, 14, 37, 3, 1, 13, 14),
(8, 9, 38, 4, 12, 12, 38, -1, 37, 3, 9, 13, 39, 3, 1, 13, 13),
(9, 10, 40, 3, 18, 11, 37, -1, 40, 3, 28, 43, 37, 10, 32, 19, 12),
(9, 10, 37, 3, 23, 11, 40, -1, 37, 3, 29, 39, 37, 6, 28, 24, 12),
(9, 10, 40, 3, 23, 7, 39, -1, 37, 3, 29, 35, 37, 6, 28, 24, 8),
(9, 10, 39, 3, 27, 7, 38, -1, 37, 3, 29, 31, 38, 2, 24, 28, 8),
(9, 10, 38, 3, 27, 35, 37, -1, 38, 4, 22, 10, 38, 5, 25, 28, 36),
(9, 10, 37, 3, 21, 35, 40, -1, 38, 4, 16, 10, 40, 5, 25, 22, 36),
(9, 10, 40, 3, 21, 29, 38, -1, 40, 6, 19, 33, 40, 2, 4, 22, 30),
(9, 10, 38, 3, 21, 29, 39, -1, 40, 6, 19, 33, 37, 2, 4, 22, 30),
(9, 10, 39, 3, 11, 29, 40, -1, 37, 6, 16, 30, 37, 5, 1, 12, 30),
(9, 10, 40, 3, 11, 33, 37, -1, 37, 6, 16, 26, 37, 5, 7, 12, 34),
(9, 10, 37, 3, 13, 33, 40, -1, 37, 6, 16, 24, 37, 3, 9, 14, 34),
(9, 10, 40, 3, 13, 20, 37, -1, 37, 6, 17, 12, 37, 4, 8, 14, 21),
(9, 10, 37, 3, 16, 20, 38, -1, 37, 6, 17, 9, 37, 1, 11, 17, 21),
(9, 10, 38, 3, 16, 9, 39, -1, 37, 6, 17, 44, 37, 1, 35, 17, 10),
(9, 10, 39, 3, 15, 9, 38, -1, 37, 6, 17, 43, 39, 2, 34, 16, 10),
(9, 10, 38, 4, 15, 28, 37, -1, 39, 7, 8, 39, 37, 7, 11, 16, 29),
(9, 10, 37, 4, 6, 28, 38, -1, 37, 7, 4, 34, 37, 2, 6, 7, 29),
(9, 10, 38, 4, 6, 18, 39, -1, 37, 7, 4, 24, 37, 2, 6, 7, 19),
(9, 10, 39, 4, 2, 18, 40, -1, 37, 7, 4, 20, 37, 2, 2, 3, 19),
(9, 10, 40, 4, 2, 25, 37, -1, 37, 7, 5, 14, 37, 3, 11, 3, 26),
(9, 10, 37, 4, 5, 25, 38, -1, 37, 7, 5, 11, 37, 0, 14, 6, 26),
(9, 10, 38, 4, 5, 7, 37, -1, 37, 7, 5, 39, 37, 0, 32, 6, 8),
(9, 10, 37, 4, 2, 7, 40, -1, 37, 7, 5, 36, 37, 3, 29, 3, 8),
(9, 10, 40, 4, 2, 18, 39, -1, 37, 7, 5, 1, 37, 3, 17, 3, 19),
(9, 10, 39, 4, 5, 18, 40, -1, 37, 7, 5, 44, 37, 0, 26, 6, 19),
(9, 10, 40, 4, 5, 25, 39, -1, 37, 7, 5, 37, 37, 0, 12, 6, 26),
(9, 10, 39, 4, 7, 25, 38, -1, 37, 7, 5, 35, 37, 2, 10, 8, 26),
(9, 10, 38, 4, 7, 36, 37, -1, 37, 7, 5, 24, 37, 2, 12, 8, 37),
(9, 10, 37, 4, 5, 36, 38, -1, 37, 7, 5, 22, 37, 0, 14, 6, 37),
(9, 10, 38, 4, 5, 24, 39, -1, 37, 7, 5, 10, 37, 0, 14, 6, 25),
(9, 10, 39, 4, 4, 24, 40, -1, 37, 7, 5, 9, 37, 1, 15, 5, 25),
(9, 10, 40, 4, 4, 40, -1, -1, 37, 7, 5, 39, -1, 1, 1, 5, 41),
(10, 11, 38, 3, 18, 13, 39, -1, 37, 3, 12, 39, 37, 6, 26, 19, 14),
(10, 11, 39, 4, 8, 13, 40, -1, 37, 3, 12, 29, 37, 4, 16, 9, 14),
(10, 11, 40, 4, 8, 22, 37, -1, 37, 3, 12, 20, 37, 4, 2, 9, 23),
(10, 11, 37, 4, 12, 22, 38, -1, 37, 3, 12, 16, 37, 0, 6, 13, 23),
(10, 11, 38, 4, 12, 9, 39, -1, 37, 3, 9, 16, 37, 3, 7, 13, 10),
(10, 11, 39, 4, 9, 9, -1, -1, 37, 3, 9, 13, -1, 0, 4, 10, 10),
(11, 12, 38, 3, 18, 17, 39, -1, 38, 3, 4, 43, 40, 14, 26, 19, 18),
(11, 12, 39, 3, 3, 17, 40, -1, 40, 4, 1, 33, 37, 2, 16, 4, 18),
(11, 12, 40, 3, 3, 27, -1, -1, 37, 4, 6, 28, -1, 3, 1, 4, 28),
(12, 13, 40, 3, 18, 9, 39, -1, 40, 3, 26, 43, 37, 8, 34, 19, 10),
(12, 13, 39, 3, 25, 9, 40, -1, 37, 3, 29, 39, 37, 4, 30, 26, 10),
(12, 13, 40, 3, 25, 30, 37, -1, 37, 3, 30, 19, 37, 5, 11, 26, 31),
(12, 13, 37, 3, 28, 30, 40, -1, 37, 3, 30, 16, 37, 2, 14, 29, 31),
(12, 13, 40, 3, 28, 19, 37, -1, 37, 3, 30, 5, 37, 2, 14, 29, 20),
(12, 13, 37, 3, 29, 19, 38, -1, 37, 3, 30, 4, 38, 1, 15, 30, 20),
(12, 13, 38, 4, 29, 9, 39, -1, 38, 3, 26, 44, 37, 3, 35, 30, 10),
(12, 13, 39, 4, 26, 9, 38, -1, 37, 3, 25, 42, 37, 1, 33, 27, 10),
(12, 13, 38, 4, 26, 32, 37, -1, 37, 3, 24, 20, 37, 2, 12, 27, 33),
(12, 13, 37, 4, 25, 32, 38, -1, 37, 3, 24, 19, 39, 1, 13, 26, 33),
(12, 13, 38, 5, 25, 10, 39, -1, 39, 3, 25, 4, 39, 0, 6, 26, 11),
(12, 13, 39, 5, 24, 10, 40, -1, 39, 3, 25, 5, 39, 1, 5, 25, 11),
(12, 13, 40, 5, 24, 31, 37, -1, 39, 3, 26, 25, 39, 2, 6, 25, 32),
(12, 13, 37, 5, 28, 31, 38, -1, 39, 3, 26, 29, 38, 2, 2, 29, 32),
(12, 13, 38, 5, 28, 4, 39, -1, 38, 5, 27, 37, 38, 1, 33, 29, 5),
(12, 13, 39, 5, 27, 4, 38, -1, 38, 5, 26, 37, 37, 1, 33, 28, 5),
(12, 13, 38, 5, 27, 10, 39, -1, 37, 5, 24, 33, 37, 3, 23, 28, 11),
(12, 13, 39, 5, 24, 10, 38, -1, 37, 5, 24, 30, 37, 0, 20, 25, 11),
(12, 13, 38, 6, 24, 17, 39, -1, 37, 5, 24, 23, 37, 0, 6, 25, 18),
(12, 13, 39, 6, 22, 17, 38, -1, 37, 5, 24, 21, 38, 2, 4, 23, 18),
(12, 13, 38, 6, 22, 26, 37, -1, 38, 5, 25, 17, 38, 3, 9, 23, 27),
(12, 13, 37, 6, 16, 26, 38, -1, 38, 5, 19, 17, 37, 3, 9, 17, 27),
(12, 13, 38, 6, 16, 13, 37, -1, 37, 5, 14, 9, 37, 2, 4, 17, 14),
(12, 13, 37, 6, 13, 13, 40, -1, 37, 5, 14, 6, 37, 1, 7, 14, 14),
(12, 13, 40, 6, 13, 26, 39, -1, 37, 5, 14, 19, 37, 1, 7, 14, 27),
(12, 13, 39, 6, 14, 26, 38, -1, 37, 5, 14, 18, 37, 0, 8, 15, 27),
(12, 13, 38, 6, 14, 33, 39, -1, 37, 5, 14, 11, 37, 0, 22, 15, 34),
(12, 13, 39, 6, 12, 33, 40, -1, 37, 5, 14, 9, 37, 2, 24, 13, 34),
(12, 13, 40, 6, 12, 1, 39, -1, 37, 5, 14, 41, 37, 2, 40, 13, 2),
(12, 13, 39, 6, 18, 1, 38, -1, 37, 5, 14, 35, 37, 4, 34, 19, 2),
(12, 13, 38, 6, 18, 18, 39, -1, 37, 5, 14, 18, 37, 4, 0, 19, 19),
(12, 13, 39, 6, 10, 18, 40, -1, 37, 4, 14, 10, 38, 4, 8, 11, 19),
(12, 13, 40, 7, 10, 28, 37, -1, 38, 4, 11, 3, 38, 1, 25, 11, 29),
(12, 13, 37, 7, 14, 28, 38, -1, 38, 4, 7, 3, 38, 7, 25, 15, 29),
(12, 13, 38, 7, 14, 24, 37, -1, 38, 4, 3, 3, 39, 11, 21, 15, 25),
(12, 13, 37, 7, 8, 24, 38, -1, 39, 4, 3, 9, 39, 5, 15, 9, 25),
(12, 13, 38, 7, 8, 17, 39, -1, 39, 4, 3, 16, 39, 5, 1, 9, 18),
(12, 13, 39, 7, 2, 17, 40, -1, 39, 4, 3, 22, 39, 1, 5, 3, 18),
(12, 13, 40, 7, 2, 23, 37, -1, 39, 4, 3, 28, 39, 1, 5, 3, 24),
(12, 13, 37, 7, 4, 23, 40, -1, 39, 4, 3, 30, 40, 1, 7, 5, 24),
(12, 13, 40, 7, 4, 1, 39, -1, 40, 5, 10, 45, 37, 6, 44, 5, 2),
(12, 13, 39, 7, 28, 1, -1, -1, 37, 5, 28, 39, -1, 0, 38, 29, 2),
(13, 14, 40, 3, 18, 11, 39, -1, 40, 3, 28, 43, 37, 10, 32, 19, 12),
(13, 14, 39, 3, 26, 11, 40, -1, 37, 3, 31, 38, 37, 5, 27, 27, 12),
(13, 14, 40, 3, 26, 17, 39, -1, 37, 3, 31, 32, 37, 5, 15, 27, 18),
(13, 14, 39, 3, 29, 17, 37, -1, 37, 3, 31, 29, 39, 2, 12, 30, 18),
(13, 14, 37, 3, 29, 28, -1, -1, 39, 4, 26, 29, -1, 3, 1, 30, 29),
(14, 15, 40, 3, 18, 8, 39, -1, 40, 3, 25, 43, 37, 7, 35, 19, 9),
(14, 15, 39, 3, 29, 8, 40, -1, 37, 3, 32, 39, 37, 3, 31, 30, 9),
(14, 15, 40, 3, 29, 26, 37, -1, 37, 3, 32, 21, 37, 3, 5, 30, 27),
(14, 15, 37, 3, 31, 26, 38, -1, 37, 3, 32, 19, 37, 1, 7, 32, 27),
(14, 15, 38, 3, 31, 13, 37, -1, 37, 4, 26, 12, 38, 5, 1, 32, 14),
(14, 15, 37, 3, 28, 13, 38, -1, 38, 4, 24, 11, 37, 4, 2, 29, 14),
(14, 15, 38, 3, 28, 10, 37, -1, 37, 4, 23, 9, 37, 5, 1, 29, 11),
(14, 15, 37, 3, 24, 10, 38, -1, 37, 4, 21, 7, 37, 3, 3, 25, 11),
(14, 15, 38, 3, 24, 7, 37, -1, 37, 4, 19, 6, 37, 5, 1, 25, 8),
(14, 15, 37, 3, 18, 7, 40, -1, 37, 4, 18, 1, 37, 0, 6, 19, 8),
(14, 15, 39, 3, 19, 41, 38, -1, 37, 4, 18, 34, 37, 1, 7, 20, 42),
(14, 15, 40, 3, 18, 41, 38, -1, 37, 4, 18, 35, 37, 0, 6, 19, 42),
(14, 15, 38, 3, 19, 15, 37, -1, 37, 4, 18, 14, 37, 1, 1, 20, 16),
(14, 15, 37, 3, 13, 15, -1, -1, 37, 2, 18, 8, -1, 5, 7, 14, 16),
(15, 16, 38, 3, 18, 20, 37, -1, 38, 4, 9, 35, 37, 9, 15, 19, 21),
(15, 16, 37, 3, 16, 20, 38, -1, 37, 4, 8, 34, 37, 8, 14, 17, 21),
(15, 16, 38, 3, 16, 17, 39, -1, 37, 4, 8, 31, 40, 8, 14, 17, 18),
(15, 16, 39, 3, 6, 17, 40, -1, 40, 4, 8, 21, 40, 2, 4, 7, 18),
(15, 16, 40, 3, 6, 22, 37, -1, 40, 4, 11, 19, 37, 5, 3, 7, 23),
(15, 16, 37, 3, 8, 22, 40, -1, 37, 4, 11, 17, 37, 3, 5, 9, 23),
(15, 16, 40, 4, 8, 38, 37, -1, 37, 4, 11, 33, 40, 3, 5, 9, 39),
(15, 16, 37, 4, 18, 38, 40, -1, 40, 5, 15, 27, 40, 3, 11, 19, 39),
(15, 16, 40, 4, 18, 26, 37, -1, 40, 5, 26, 26, 40, 8, 0, 19, 27),
(15, 16, 37, 4, 23, 26, 40, -1, 40, 5, 31, 26, 37, 8, 0, 24, 27),
(15, 16, 40, 4, 23, 21, 37, -1, 37, 5, 34, 24, 37, 11, 3, 24, 22),
(15, 16, 37, 4, 32, 21, 38, -1, 37, 5, 34, 15, 37, 2, 6, 33, 22),
(15, 16, 38, 4, 32, 45, 39, -1, 37, 5, 34, 39, 37, 2, 6, 33, 46),
(15, 16, 39, 4, 24, 45, 40, -1, 37, 5, 34, 31, 37, 10, 14, 25, 46),
(15, 16, 40, 4, 24, 2, 39, -1, 37, 5, 34, 28, 37, 10, 26, 25, 3),
(15, 16, 39, 4, 28, 2, 40, -1, 37, 5, 34, 24, 37, 6, 22, 29, 3),
(15, 16, 40, 4, 28, 5, 39, -1, 37, 5, 34, 21, 37, 6, 16, 29, 6),
(15, 16, 39, 4, 31, 5, 40, -1, 37, 5, 34, 18, 37, 3, 13, 32, 6),
(15, 16, 40, 4, 31, 14, 37, -1, 37, 5, 34, 9, 37, 3, 5, 32, 15),
(15, 16, 37, 4, 34, 14, 38, -1, 37, 5, 34, 6, 37, 0, 8, 35, 15),
(15, 16, 38, 4, 34, 5, 39, -1, 37, 5, 34, 43, 37, 0, 38, 35, 6),
(15, 16, 39, 4, 33, 5, 40, -1, 37, 5, 34, 42, 37, 1, 37, 34, 6),
(15, 16, 40, 4, 33, 25, 37, -1, 37, 5, 34, 22, 37, 1, 3, 34, 26),
(15, 16, 37, 4, 35, 25, 38, -1, 37, 4, 34, 30, 38, 1, 5, 36, 26),
(15, 16, 38, 5, 35, 6, 39, -1, 38, 4, 29, 16, 38, 6, 10, 36, 7),
(15, 16, 39, 5, 25, 6, 38, -1, 38, 5, 21, 14, 39, 4, 8, 26, 7),
(15, 16, 38, 5, 25, 29, 39, -1, 39, 5, 11, 27, 39, 14, 2, 26, 30),
(15, 16, 39, 5, 16, 29, 38, -1, 39, 5, 11, 36, 39, 5, 7, 17, 30),
(15, 16, 38, 5, 16, 41, 39, -1, 39, 5, 11, 2, 39, 5, 39, 17, 42),
(15, 16, 39, 5, 11, 41, 38, -1, 39, 5, 11, 7, 39, 0, 34, 12, 42),
(15, 16, 38, 5, 11, 45, 37, -1, 39, 5, 11, 11, 39, 0, 34, 12, 46),
(15, 16, 37, 5, 9, 45, 40, -1, 39, 5, 11, 13, 39, 2, 32, 10, 46),
(15, 16, 40, 5, 9, 41, 39, -1, 39, 5, 11, 17, 39, 2, 24, 10, 42),
(15, 16, 39, 5, 11, 41, -1, -1, 39, 5, 11, 19, -1, 0, 22, 12, 42),
(16, 17, 40, 3, 18, 19, 39, -1, 37, 4, 26, 37, 37, 8, 18, 19, 20),
(16, 17, 39, 3, 22, 19, 40, -1, 37, 4, 26, 33, 40, 4, 14, 23, 20),
(16, 17, 40, 3, 22, 27, -1, -1, 40, 4, 26, 28, -1, 4, 1, 23, 28),
(17, 18, 38, 3, 18, 19, 39, -1, 37, 3, 4, 41, 37, 14, 22, 19, 20),
(17, 18, 39, 3, 6, 19, 38, -1, 37, 4, 1, 32, 37, 5, 13, 7, 20),
(17, 18, 38, 3, 6, 22, 39, -1, 37, 4, 1, 29, 37, 5, 7, 7, 23),
(17, 18, 39, 3, 5, 22, 38, -1, 37, 4, 1, 28, 37, 4, 6, 6, 23),
(17, 18, 38, 3, 5, 37, 37, -1, 37, 5, 6, 18, 37, 1, 19, 6, 38),
(17, 18, 37, 3, 4, 37, 40, -1, 37, 5, 6, 17, 37, 2, 20, 5, 38),
(17, 18, 40, 3, 4, 30, 39, -1, 37, 5, 6, 10, 37, 2, 20, 5, 31),
(17, 18, 39, 3, 5, 30, 40, -1, 37, 5, 6, 9, 39, 1, 21, 6, 31),
(17, 18, 40, 3, 5, 2, 39, -1, 39, 6, 7, 16, 40, 2, 14, 6, 3),
(17, 18, 39, 3, 13, 2, 40, -1, 40, 6, 13, 18, 40, 0, 16, 14, 3),
(17, 18, 40, 3, 13, 13, 39, -1, 40, 7, 24, 18, 38, 11, 5, 14, 14),
(17, 18, 39, 3, 18, 13, -1, -1, 38, 7, 20, 19, -1, 2, 6, 19, 14),
(18, 19, 40, 3, 18, 9, 39, -1, 40, 3, 26, 43, 37, 8, 34, 19, 10),
(18, 19, 39, 3, 31, 9, 38, -1, 37, 3, 34, 38, 38, 3, 29, 32, 10),
(18, 19, 38, 3, 31, 30, 37, -1, 38, 5, 30, 21, 38, 1, 9, 32, 31),
(18, 19, 37, 3, 29, 30, 38, -1, 38, 5, 28, 21, 38, 1, 9, 30, 31),
(18, 19, 38, 3, 29, 18, 37, -1, 38, 5, 18, 21, 37, 11, 3, 30, 19),
(18, 19, 37, 3, 20, 18, 38, -1, 37, 5, 13, 17, 37, 7, 1, 21, 19),
(18, 19, 38, 3, 20, 15, 37, -1, 37, 5, 13, 14, 37, 7, 1, 21, 16),
(18, 19, 37, 3, 17, 15, -1, -1, 37, 5, 13, 11, -1, 4, 4, 18, 16),
(19, 20, 40, 3, 18, 30, 37, -1, 37, 3, 23, 19, 37, 5, 11, 19, 31),
(19, 20, 37, 3, 20, 30, 38, -1, 37, 3, 23, 17, 37, 3, 13, 21, 31),
(19, 20, 38, 3, 20, 10, 39, -1, 37, 3, 23, 4, 37, 3, 6, 21, 11),
(19, 20, 39, 3, 20, 10, -1, -1, 37, 3, 23, 4, -1, 3, 6, 21, 11),
(0, 1, 40, 3, 18, 2, 39, -1, 37, 4, 0, 16, 37, 18, 14, 19, 3),
(0, 1, 39, 3, 26, 2, 40, -1, 37, 4, 0, 8, 37, 26, 6, 27, 3),
(0, 1, 40, 4, 26, 14, 39, -1, 37, 4, 0, 42, 37, 26, 28, 27, 15),
(0, 1, 39, 4, 31, 14, 38, -1, 37, 4, 0, 37, 40, 31, 23, 32, 15),
(0, 1, 38, 5, 31, 23, 37, -1, 40, 4, 2, 30, 39, 29, 7, 32, 24),
(0, 1, 37, 5, 25, 23, 38, -1, 39, 8, 23, 7, 39, 2, 16, 26, 24),
(0, 1, 38, 5, 25, 22, 37, -1, 39, 8, 23, 8, 39, 2, 14, 26, 23),
(0, 1, 37, 6, 5, 22, 40, -1, 39, 8, 12, 17, 39, 7, 5, 6, 23),
(0, 1, 40, 7, 5, 34, 37, -1, 39, 9, 12, 5, 39, 7, 29, 6, 35),
(0, 1, 37, 7, 13, 34, 38, -1, 39, 9, 12, 13, 37, 1, 21, 14, 35),
(0, 1, 38, 8, 13, 8, 37, -1, 37, 9, 3, 6, 37, 10, 2, 14, 9),
(0, 1, 37, 8, 2, 8, 40, -1, 37, 9, 3, 41, 40, 1, 33, 3, 9),
(0, 1, 40, 9, 2, 38, 37, -1, 40, 10, 14, 40, 40, 12, 2, 3, 39),
(0, 1, 37, 9, 9, 38, 38, -1, 40, 10, 21, 40, 39, 12, 2, 10, 39),
(0, 1, 38, 9, 9, 17, 37, -1, 39, 6, 5, 13, 39, 4, 4, 10, 18),
(0, 1, 37, 9, 26, 17, 40, -1, 39, 6, 5, 32, 39, 21, 15, 27, 18),
(0, 1, 40, 9, 26, 14, 37, -1, 39, 6, 5, 35, 39, 21, 21, 27, 15),
(0, 1, 37, 9, 3, 14, 40, -1, 39, 6, 5, 2, 39, 2, 12, 4, 15),
(0, 1, 40, 9, 3, 8, 38, -1, 39, 6, 5, 8, 37, 2, 0, 4, 9),
(0, 1, 38, 3, 18, 38, 37, -1, 37, 3, 7, 19, 37, 11, 19, 19, 39),
(0, 1, 37, 3, 10, 38, 40, -1, 37, 3, 7, 11, 37, 3, 27, 11, 39),
(0, 1, 40, 4, 10, 13, 39, -1, 37, 4, 7, 32, 37, 3, 19, 11, 14),
(0, 1, 39, 4, 22, 13, 40, -1, 37, 4, 7, 20, 37, 15, 7, 23, 14),
(0, 1, 40, 4, 22, 31, 37, -1, 37, 4, 7, 2, 37, 15, 29, 23, 32),
(0, 1, 37, 4, 27, 31, 38, -1, 37, 4, 7, 43, 37, 20, 12, 28, 32),
(0, 1, 38, 4, 27, 9, 39, -1, 37, 4, 7, 21, 37, 20, 12, 28, 10),
(0, 1, 39, 4, 17, 9, 40, -1, 37, 4, 7, 11, 37, 10, 2, 18, 10),
(0, 1, 40, 4, 17, 40, 37, -1, 37, 4, 7, 26, 37, 10, 14, 18, 41),
(0, 1, 37, 4, 25, 40, 40, -1, 37, 4, 7, 18, 37, 18, 22, 26, 41),
(0, 1, 40, 4, 25, 21, 39, -1, 37, 4, 7, 45, 37, 18, 24, 26, 22),
(0, 1, 39, 5, 32, 21, 38, -1, 37, 4, 7, 38, 37, 25, 17, 33, 22),
(0, 1, 38, 5, 32, 28, 37, -1, 37, 4, 7, 31, 37, 25, 3, 33, 29),
(0, 1, 37, 5, 23, 28, 38, -1, 37, 4, 7, 22, 37, 16, 6, 24, 29),
(0, 1, 38, 5, 23, 6, 37, -1, 37, 4, 7, 0, 37, 16, 6, 24, 7),
(0, 1, 37, 5, 18, 6, 38, -1, 37, 4, 7, 41, 37, 11, 35, 19, 7),
(0, 1, 38, 5, 18, 3, 39, -1, 37, 4, 7, 38, 37, 11, 35, 19, 4),
(0, 1, 39, 5, 15, 3, 38, -1, 37, 4, 7, 35, 37, 8, 32, 16, 4),
(0, 1, 38, 5, 15, 5, 37, -1, 37, 4, 7, 33, 37, 8, 28, 16, 6),
(0, 1, 37, 5, 10, 5, 40, -1, 37, 4, 7, 28, 37, 3, 23, 11, 6),
(0, 1, 40, 5, 10, 3, 39, -1, 37, 4, 7, 26, 37, 3, 23, 11, 4),
(0, 1, 39, 5, 14, 3, 38, -1, 37, 4, 7, 22, 37, 7, 19, 15, 4),
(0, 1, 38, 5, 14, 8, 37, -1, 37, 4, 7, 17, 37, 7, 9, 15, 9),
(0, 1, 37, 5, 13, 8, 38, -1, 37, 4, 7, 16, 37, 6, 8, 14, 9),
(0, 1, 38, 5, 13, 3, 39, -1, 37, 4, 7, 11, 37, 6, 8, 14, 4),
(0, 1, 40, 5, 9, 3, 38, -1, 37, 4, 7, 7, 39, 2, 4, 10, 4),
(0, 1, 39, 5, 9, 3, 38, -1, 37, 4, 7, 7, 39, 2, 4, 10, 4),
(1, 2, 38, 3, 18, 28, 39, -1, 38, 3, 9, 27, 38, 9, 1, 19, 29),
(1, 2, 39, 3, 10, 28, 40, -1, 38, 3, 1, 27, 38, 9, 1, 11, 29),
(1, 2, 40, 3, 10, 16, 39, -1, 38, 3, 3, 27, 38, 7, 11, 11, 17),
(1, 2, 39, 3, 28, 16, 40, -1, 38, 3, 21, 27, 37, 7, 11, 29, 17),
(6, 7, 38, 3, 18, 12, 39, -1, 37, 5, 0, 6, 37, 18, 6, 19, 13),
(6, 7, 39, 3, 2, 12, -1, -1, 37, 5, 0, 36, -1, 2, 24, 3, 13),
(7, 8, 38, 3, 18, 11, 39, -1, 37, 4, 4, 3, 37, 14, 8, 19, 12),
(7, 8, 39, 3, 1, 11, 40, -1, 37, 4, 4, 32, 37, 3, 21, 2, 12),
(7, 8, 40, 3, 1, 22, 39, -1, 37, 4, 4, 21, 37, 3, 1, 2, 23),
(7, 8, 39, 3, 8, 22, 38, -1, 37, 4, 4, 14, 37, 4, 8, 9, 23),
(7, 8, 38, 3, 8, 28, 37, -1, 37, 4, 4, 8, 37, 4, 20, 9, 29),
(7, 8, 37, 3, 1, 28, 40, -1, 37, 4, 4, 1, 37, 3, 27, 2, 29),
(7, 8, 40, 4, 1, 20, -1, -1, 37, 4, 4, 39, -1, 3, 19, 2, 21),
(8, 9, 38, 3, 18, 35, 37, -1, 39, 7, 3, 14, 40, 15, 21, 12, 11),
(8, 9, 37, 3, 7, 35, 40, -1, 40, 7, 4, 24, 40, 3, 11, 23, 11),
(8, 9, 40, 3, 7, 9, 39, -1, 40, 7, 14, 10, 37, 7, 1, 23, 15),
(8, 9, 39, 3, 10, 9, 40, -1, 37, 7, 15, 8, 39, 5, 1, 20, 15),
(8, 9, 40, 3, 10, 20, 39, -1, 39, 7, 21, 11, 39, 11, 9, 20, 4),
(8, 9, 39, 3, 20, 20, 40, -1, 39, 7, 26, 16, 40, 6, 4, 10, 4),
(8, 9, 40, 3, 20, 23, 39, -1, 40, 7, 28, 17, 39, 8, 6, 10, 1),
(8, 9, 39, 3, 25, 23, 40, -1, 39, 7, 30, 20, 39, 5, 3, 5, 1),
(8, 9, 40, 3, 25, 25, 37, -1, 39, 7, 31, 21, 38, 6, 4, 5, 1),
(8, 9, 37, 3, 29, 25, 38, -1, 38, 7, 31, 23, 38, 2, 2, 1, 1),
(8, 9, 38, 3, 29, 8, 39, -1, 38, 8, 29, 20, 38, 0, 12, 2, 29),
(8, 9, 39, 3, 27, 8, 40, -1, 38, 8, 27, 20, 40, 0, 12, 4, 29),
(8, 9, 40, 3, 27, 26, 39, -1, 40, 8, 28, 37, 40, 1, 11, 4, 11),
(8, 9, 39, 3, 29, 26, 40, -1, 40, 8, 30, 37, 39, 1, 11, 2, 11),
(8, 9, 40, 3, 29, 39, 37, -1, 39, 9, 31, 43, 38, 2, 4, 19, 21),
(8, 9, 37, 3, 0, 39, 40, -1, 38, 6, 26, 45, 38, 26, 6, 10, 21),
(8, 9, 40, 3, 0, 35, 39, -1, 38, 6, 22, 45, 38, 22, 10, 10, 17),
(8, 9, 39, 3, 10, 35, -1, -1, 38, 6, 12, 45, -1, 2, 10, 0, 17),
(0, 2, 38, 3, 19, 13, 39, 1, 39, 3, 18, 32, 39, 1, 19, 16, 11),
(0, 2, 39, 3, 3, 13, 40, 1, 39, 3, 18, 2, 39, 15, 11, 0, 11),
(0, 2, 40, 4, 3, 28, 39, 1, 39, 3, 18, 17, 39, 15, 11, 17, 12),
(0, 2, 39, 4, 20, 28, 38, 1, 39, 3, 18, 34, 39, 2, 6, 0, 12),
(0, 2, 37, 4, 19, 34, 38, 1, 39, 3, 18, 41, 39, 1, 7, 1, 6),
(0, 2, 38, 4, 20, 34, 38, 1, 39, 3, 18, 40, 39, 2, 6, 0, 6),
(0, 2, 38, 4, 19, 14, 38, 1, 39, 3, 18, 15, 37, 1, 1, 1, 26),
(0, 2, 38, 3, 18, 0, 39, 0, 37, 3, 19, 45, 37, 1, 45, 4, 34),
(0, 2, 39, 3, 8, 0, 38, 0, 37, 3, 19, 35, 39, 11, 35, 6, 34),
(0, 1, 38, 3, 19, 31, 39, 2, 39, 3, 8, 1, 39, 11, 30, 5, 3),
(0, 1, 39, 3, 14, 31, 40, 2, 39, 3, 8, 6, 39, 6, 25, 0, 3),
(0, 1, 40, 4, 14, 36, 37, 2, 39, 3, 8, 11, 39, 6, 25, 6, 4),
(0, 1, 37, 4, 21, 36, 40, 2, 39, 3, 8, 18, 37, 13, 18, 1, 4),
(0, 2, 40, 3, 8, 20, 39, 1, 37, 4, 21, 36, 37, 13, 16, 12, 12),
(0, 2, 39, 3, 15, 20, 38, 1, 37, 4, 21, 29, 40, 6, 9, 5, 12),
(0, 1, 38, 4, 21, 28, 39, 2, 40, 3, 15, 20, 39, 6, 8, 1, 4),
(0, 1, 39, 4, 20, 28, 40, 2, 39, 3, 15, 21, 39, 5, 7, 0, 4),
(0, 1, 40, 5, 20, 38, 37, 2, 39, 4, 15, 31, 39, 5, 7, 9, 25),
(0, 1, 37, 6, 24, 38, 40, 2, 39, 4, 15, 35, 37, 9, 3, 6, 5),
(0, 2, 40, 4, 15, 39, 39, 1, 37, 6, 24, 36, 37, 9, 3, 3, 6),
(0, 2, 39, 4, 19, 39, 38, 1, 37, 6, 24, 32, 37, 5, 7, 1, 6),
(0, 2, 38, 4, 19, 44, 37, 1, 37, 6, 24, 27, 37, 5, 17, 1, 11),
(0, 1, 38, 6, 24, 20, 39, 2, 38, 7, 14, 44, 38, 10, 24, 0, 7),
(0, 2, 37, 6, 14, 44, 39, 1, 37, 6, 24, 22, 38, 10, 22, 10, 31),
(0, 1, 39, 6, 18, 20, 40, 2, 38, 7, 8, 44, 39, 10, 24, 7, 12),
(0, 2, 40, 6, 14, 35, 37, 1, 39, 6, 18, 22, 39, 4, 13, 3, 27),
(0, 2, 37, 6, 18, 35, 38, 1, 39, 6, 18, 26, 38, 0, 9, 7, 27),
(1, 3, 40, 3, 18, 10, 37, -1, 37, 3, 22, 38, 37, 4, 28, 4, 4),
(1, 3, 37, 3, 23, 10, 38, -1, 37, 3, 22, 33, 37, 1, 23, 1, 4),
(1, 3, 38, 3, 23, 6, 39, -1, 37, 3, 22, 29, 37, 1, 23, 1, 0),
(1, 3, 39, 4, 10, 6, 40, -1, 37, 3, 22, 16, 37, 12, 10, 8, 5),
(1, 3, 40, 4, 10, 16, 39, -1, 37, 3, 22, 6, 39, 12, 10, 8, 5),
(1, 3, 39, 4, 22, 16, 38, -1, 39, 3, 18, 10, 38, 4, 6, 4, 5),
(1, 3, 38, 4, 22, 32, 39, -1, 38, 4, 13, 21, 38, 9, 11, 16, 13),
(1, 3, 39, 4, 17, 32, 38, -1, 38, 4, 8, 21, 39, 9, 11, 11, 13),
(1, 3, 38, 4, 17, 45, 37, -1, 39, 4, 6, 32, 39, 11, 13, 11, 0),
(1, 3, 37, 5, 6, 45, -1, -1, 39, 4, 6, 43, -1, 0, 2, 16, 44),
(0, 1, 39, 3, 13, 9, 38, -1, 37, 3, 8, 42, 37, 5, 33, 5, 3),
(0, 1, 38, 3, 18, 9, 38, -1, 38, 3, 12, 43, 37, 6, 34, 10, 3),
(0, 1, 38, 3, 13, 12, 39, -1, 37, 3, 8, 39, 37, 5, 27, 5, 0),
(0, 1, 39, 4, 8, 12, 40, -1, 37, 3, 8, 34, 37, 0, 22, 20, 33),
(0, 1, 40, 4, 8, 17, 39, -1, 37, 3, 8, 29, 37, 0, 12, 20, 28),
(0, 1, 39, 4, 11, 17, 38, -1, 37, 3, 8, 26, 38, 3, 9, 17, 28),
(0, 1, 38, 4, 11, 21, 39, -1, 38, 3, 7, 23, 39, 4, 2, 17, 24),
(0, 1, 39, 4, 5, 21, 38, -1, 39, 3, 5, 27, 39, 0, 6, 23, 24),
(0, 1, 38, 4, 5, 28, 39, -1, 39, 3, 5, 34, 39, 0, 6, 23, 17),
(0, 1, 39, 4, 2, 28, 40, -1, 39, 3, 5, 37, 40, 3, 9, 26, 17),
(0, 1, 40, 4, 2, 38, 39, -1, 40, 3, 7, 45, 40, 5, 7, 26, 7),
(0, 1, 39, 4, 14, 38, 40, -1, 40, 3, 19, 45, 40, 5, 7, 14, 7),
(0, 1, 40, 4, 14, 4, 39, -1, 40, 4, 31, 45, 40, 17, 41, 16, 9),
(0, 1, 39, 4, 24, 4, 40, -1, 40, 4, 5, 45, 40, 19, 41, 6, 9),
(0, 1, 40, 4, 24, 12, 39, -1, 40, 4, 13, 45, 40, 11, 33, 6, 1),
(0, 1, 39, 4, 30, 12, 38, -1, 40, 4, 19, 45, 38, 11, 33, 0, 1),
(0, 1, 38, 5, 30, 40, 37, -1, 38, 4, 32, 34, 37, 2, 6, 15, 22),
(0, 1, 37, 5, 27, 40, 38, -1, 37, 4, 31, 32, 38, 4, 8, 12, 22),
(0, 1, 38, 3, 18, 35, 37, -1, 38, 5, 8, 35, 38, 10, 0, 18, 25),
(0, 1, 37, 3, 14, 35, 38, -1, 38, 5, 4, 35, 37, 10, 0, 14, 25),
(0, 1, 38, 3, 14, 24, 37, -1, 37, 5, 0, 28, 37, 14, 4, 14, 14),
(0, 1, 37, 3, 11, 24, 40, -1, 37, 5, 0, 25, 37, 11, 1, 11, 14),
(0, 1, 40, 3, 11, 14, 37, -1, 37, 5, 0, 15, 37, 11, 1, 11, 4),
(0, 1, 37, 3, 16, 14, 40, -1, 37, 6, 0, 10, 40, 16, 4, 16, 4),
(0, 1, 40, 3, 16, 10, 39, -1, 40, 6, 2, 8, 40, 14, 2, 11, 7),
(0, 1, 39, 3, 22, 10, 40, -1, 40, 6, 5, 5, 40, 17, 5, 5, 7),
(0, 1, 40, 3, 22, 29, 37, -1, 40, 6, 16, 13, 39, 6, 16, 5, 12),
(0, 1, 37, 3, 26, 29, 40, -1, 39, 6, 17, 16, 40, 9, 13, 1, 12),
(0, 1, 40, 3, 26, 24, 37, -1, 40, 6, 21, 17, 40, 5, 7, 1, 7),
(0, 1, 37, 3, 27, 24, -1, -1, 40, 6, 22, 17, -1, 5, 7, 0, 7),
(2, 2, 40, 3, 18, 10, 37, -1, 40, 3, 27, 43, 37, 9, 33, 10, 6),
(2, 2, 37, 3, 28, 10, 38, -1, 37, 3, 28, 34, 37, 0, 24, 0, 6),
(2, 2, 38, 4, 28, 2, 39, -1, 37, 3, 28, 26, 37, 0, 24, 5, 40),
(2, 2, 39, 4, 24, 2, 40, -1, 37, 3, 28, 22, 39, 4, 20, 1, 40),
(2, 2, 40, 4, 24, 21, 39, -1, 39, 3, 28, 23, 39, 4, 2, 1, 21),
(2, 2, 39, 4, 29, 21, 38, -1, 39, 3, 26, 26, 39, 3, 5, 6, 21),
(2, 2, 38, 4, 29, 35, 39, -1, 39, 3, 25, 39, 38, 4, 4, 6, 7),
(2, 2, 39, 4, 27, 35, 38, -1, 38, 3, 23, 39, 40, 4, 4, 4, 7),
(2, 2, 38, 4, 27, 43, 37, -1, 40, 3, 20, 42, 40, 7, 1, 4, 1),
(2, 2, 37, 4, 24, 43, 38, -1, 40, 4, 23, 42, 38, 1, 1, 20, 20),
(2, 2, 38, 4, 24, 38, -1, -1, 38, 4, 22, 38, -1, 2, 0, 20, 15);
--
-- Database: `test`
--
DROP DATABASE IF EXISTS `test`;
CREATE DATABASE IF NOT EXISTS `test` DEFAULT CHARACTER SET latin1 COLLATE latin1_swedish_ci;
USE `test`;
COMMIT;

/*!40101 SET CHARACTER_SET_CLIENT=@OLD_CHARACTER_SET_CLIENT */;
/*!40101 SET CHARACTER_SET_RESULTS=@OLD_CHARACTER_SET_RESULTS */;
/*!40101 SET COLLATION_CONNECTION=@OLD_COLLATION_CONNECTION */;
